0.000,1.990,3.940,5.852,7.726,9.562,11.362,13.125,14.854,16.549,18.209,19.837,21.432,22.996,24.528,26.030,27.502,28.945,30.359,31.745,33.103,34.434,35.739,37.018,38.271,39.499,40.703,41.883,43.040,44.173,45.284,46.373,47.440,48.486,49.511,50.516,51.501,52.466,53.412,54.339,55.248,56.138,57.011,57.867,58.705,59.527,60.332,61.122,61.895,62.654,63.397,64.125,64.839,65.539,66.225,66.897,67.555,68.201,68.834,69.454,70.062,70.658,71.242,71.814,72.375,72.925,73.463,73.991,74.509,75.016,75.513,76.001,76.478,76.946,77.405,77.855,78.296,78.727,79.151,79.566,79.972,80.371,80.761,81.144,81.520,81.887,82.248,82.601,82.947,83.287,83.619,83.945,84.265,84.578,84.885,85.186,85.480,85.769,86.052,86.330,86.602,86.869,87.130,87.386,87.637,87.883,88.124,88.361,88.592,88.819,89.042,89.260,89.474,89.683,89.888,90.090,90.287,90.480,90.669,90.855,91.037,91.215,91.390,91.562,91.730,91.894,92.055,92.214,92.369,92.520,92.669,92.815,92.958,93.098,93.236,93.370,93.502,93.631,93.758,93.882,94.004,94.123,94.240,94.355,94.467,94.577,94.685,94.791,94.895,94.996,95.096,95.194,95.289,95.383,95.475,95.565,95.653,95.740,95.824,95.907,95.989,96.069,96.147,96.224,96.299,96.372,96.445,96.515,96.585,96.653,96.719,96.785,96.849,96.911,96.973,97.033,97.092,97.150,97.207,97.262,97.317,97.370,97.422,97.474,97.524,97.573,97.622,97.669,97.715,97.761,97.805,97.849,97.892,97.934,97.975,98.015,98.055,98.093,98.131,98.168,98.205,98.241,98.276,98.310,98.344,98.377,98.409,98.441,98.472,98.502,98.532,98.561,98.590,98.618,98.645,98.672,98.699,98.725,98.750,98.775,98.799,98.823,98.846,98.869,98.892,98.914,98.936,98.957,98.978,98.998,99.018,99.037,99.057,99.075,99.094,99.112,99.129,99.147,99.164,99.180,99.197,99.213,99.228,99.244,99.259,99.273,99.288,99.302,99.316,99.330,99.343,99.356,99.369,99.381,99.394,99.406,99.418,99.429,99.441,99.452,99.463,99.473,99.484,99.494,99.504,99.514,99.524,99.533,99.542,99.552,99.560,99.569,99.578,99.586,99.594,99.602,99.610,99.618,99.626,99.633,99.640,99.648,99.655,99.662,99.668,99.675,99.681,99.688,99.694,99.700,99.706,99.712,99.718,99.723,99.729,99.734,99.739,99.745,99.750,99.755,99.759,99.764,99.769,99.774,99.778,99.782,99.787,99.791,99.795,99.799,99.803,99.807,99.811,99.815,99.818,99.822,99.826,99.829,99.833,99.836,99.839,99.842,99.845,99.849,99.852,99.854,99.857,99.860,99.863,99.866,99.868,99.871,99.874,99.876,99.879,99.881,99.883,99.886,99.888,99.890,99.892,99.895,99.897,99.899,
0.000,0.649,2.409,4.265,6.125,7.957,9.755,11.519,13.248,14.942,16.603,18.230,19.826,21.389,22.921,24.423,25.895,27.338,28.752,30.138,31.496,32.827,34.132,35.411,36.664,37.893,39.097,40.277,41.433,42.567,43.678,44.767,45.834,46.880,47.905,48.909,49.894,50.859,51.805,52.732,53.641,54.532,55.404,56.260,57.098,57.920,58.726,59.515,60.289,61.047,61.790,62.519,63.232,63.932,64.618,65.290,65.949,66.594,67.227,67.847,68.455,69.051,69.635,70.207,70.768,71.318,71.857,72.385,72.902,73.410,73.907,74.394,74.872,75.340,75.799,76.248,76.689,77.121,77.544,77.959,78.366,78.764,79.155,79.538,79.913,80.281,80.641,80.994,81.341,81.680,82.013,82.339,82.658,82.971,83.278,83.579,83.874,84.163,84.446,84.723,84.995,85.262,85.523,85.779,86.030,86.276,86.518,86.754,86.986,87.213,87.435,87.653,87.867,88.076,88.282,88.483,88.680,88.873,89.063,89.249,89.430,89.609,89.784,89.955,90.123,90.288,90.449,90.607,90.762,90.914,91.063,91.208,91.351,91.492,91.629,91.764,91.895,92.025,92.152,92.276,92.397,92.517,92.634,92.748,92.861,92.971,93.079,93.184,93.288,93.390,93.489,93.587,93.683,93.776,93.868,93.958,94.046,94.133,94.218,94.301,94.382,94.462,94.540,94.617,94.692,94.766,94.838,94.909,94.978,95.046,95.113,95.178,95.242,95.305,95.366,95.426,95.485,95.543,95.600,95.656,95.710,95.763,95.816,95.867,95.917,95.967,96.015,96.062,96.109,96.154,96.199,96.242,96.285,96.327,96.368,96.409,96.448,96.487,96.525,96.562,96.598,96.634,96.669,96.703,96.737,96.770,96.802,96.834,96.865,96.895,96.925,96.954,96.983,97.011,97.039,97.066,97.092,97.118,97.143,97.168,97.193,97.216,97.240,97.263,97.285,97.307,97.329,97.350,97.371,97.391,97.411,97.431,97.450,97.469,97.487,97.505,97.523,97.540,97.557,97.574,97.590,97.606,97.622,97.637,97.652,97.667,97.681,97.695,97.709,97.723,97.736,97.749,97.762,97.775,97.787,97.799,97.811,97.823,97.834,97.845,97.856,97.867,97.877,97.887,97.897,97.907,97.917,97.926,97.936,97.945,97.954,97.963,97.971,97.980,97.988,97.996,98.004,98.012,98.019,98.027,98.034,98.041,98.048,98.055,98.062,98.068,98.075,98.081,98.087,98.093,98.099,98.105,98.111,98.117,98.122,98.127,98.133,98.138,98.143,98.148,98.153,98.158,98.162,98.167,98.171,98.176,98.180,98.184,98.189,98.193,98.197,98.201,98.204,98.208,98.212,98.215,98.219,98.222,98.226,98.229,98.232,98.236,98.239,98.242,98.245,98.248,98.251,98.254,98.256,98.259,98.262,98.264,98.267,98.269,98.272,98.274,98.277,98.279,98.281,98.284,98.286,98.288,98.290,98.292,
0.000,-0.080,1.169,2.886,4.699,6.518,8.313,10.075,11.803,13.497,15.158,16.785,18.381,19.944,21.477,22.978,24.450,25.893,27.307,28.693,30.051,31.383,32.687,33.966,35.219,36.448,37.652,38.832,39.988,41.122,42.233,43.322,44.389,45.435,46.460,47.465,48.449,49.414,50.360,51.288,52.196,53.087,53.960,54.815,55.654,56.475,57.281,58.070,58.844,59.602,60.345,61.074,61.788,62.487,63.173,63.845,64.504,65.150,65.782,66.403,67.010,67.606,68.190,68.762,69.323,69.873,70.412,70.940,71.458,71.965,72.462,72.949,73.427,73.895,74.354,74.803,75.244,75.676,76.099,76.514,76.921,77.319,77.710,78.093,78.468,78.836,79.196,79.550,79.896,80.235,80.568,80.894,81.213,81.526,81.833,82.134,82.429,82.718,83.001,83.278,83.551,83.817,84.078,84.335,84.586,84.832,85.073,85.309,85.541,85.768,85.990,86.208,86.422,86.631,86.837,87.038,87.235,87.429,87.618,87.804,87.986,88.164,88.339,88.510,88.678,88.843,89.004,89.162,89.317,89.469,89.618,89.764,89.907,90.047,90.184,90.319,90.451,90.580,90.707,90.831,90.953,91.072,91.189,91.303,91.416,91.526,91.634,91.740,91.843,91.945,92.044,92.142,92.238,92.331,92.423,92.513,92.602,92.688,92.773,92.856,92.937,93.017,93.095,93.172,93.247,93.321,93.393,93.464,93.533,93.601,93.668,93.733,93.797,93.860,93.921,93.981,94.041,94.098,94.155,94.211,94.265,94.319,94.371,94.422,94.472,94.522,94.570,94.617,94.664,94.709,94.754,94.797,94.840,94.882,94.923,94.964,95.003,95.042,95.080,95.117,95.153,95.189,95.224,95.258,95.292,95.325,95.357,95.389,95.420,95.451,95.480,95.510,95.538,95.566,95.594,95.621,95.647,95.673,95.698,95.723,95.748,95.772,95.795,95.818,95.840,95.862,95.884,95.905,95.926,95.946,95.966,95.986,96.005,96.024,96.042,96.060,96.078,96.095,96.112,96.129,96.145,96.161,96.177,96.192,96.207,96.222,96.236,96.251,96.264,96.278,96.291,96.305,96.317,96.330,96.342,96.354,96.366,96.378,96.389,96.400,96.411,96.422,96.432,96.443,96.453,96.462,96.472,96.482,96.491,96.500,96.509,96.518,96.526,96.535,96.543,96.551,96.559,96.567,96.574,96.582,96.589,96.596,96.603,96.610,96.617,96.623,96.630,96.636,96.642,96.648,96.654,96.660,96.666,96.672,96.677,96.683,96.688,96.693,96.698,96.703,96.708,96.713,96.717,96.722,96.727,96.731,96.735,96.740,96.744,96.748,96.752,96.756,96.760,96.763,96.767,96.771,96.774,96.778,96.781,96.784,96.788,96.791,96.794,96.797,96.800,96.803,96.806,96.809,96.812,96.814,96.817,96.820,96.822,96.825,96.827,96.829,96.832,96.834,96.836,96.839,96.841,96.843,96.845,96.847,
0.000,-0.080,0.291,1.659,3.359,5.143,6.926,8.684,10.409,12.103,13.763,15.391,16.986,18.550,20.082,21.584,23.056,24.499,25.913,27.298,28.657,29.988,31.293,32.571,33.825,35.053,36.257,37.437,38.594,39.727,40.838,41.927,42.994,44.040,45.065,46.070,47.055,48.020,48.966,49.893,50.802,51.692,52.565,53.420,54.259,55.081,55.886,56.675,57.449,58.207,58.951,59.679,60.393,61.093,61.778,62.451,63.109,63.755,64.388,65.008,65.616,66.212,66.795,67.368,67.929,68.478,69.017,69.545,70.063,70.570,71.067,71.555,72.032,72.500,72.959,73.409,73.849,74.281,74.705,75.119,75.526,75.925,76.315,76.698,77.073,77.441,77.802,78.155,78.501,78.840,79.173,79.499,79.819,80.132,80.439,80.739,81.034,81.323,81.606,81.884,82.156,82.422,82.684,82.940,83.191,83.437,83.678,83.914,84.146,84.373,84.596,84.814,85.027,85.237,85.442,85.643,85.841,86.034,86.223,86.409,86.591,86.769,86.944,87.115,87.283,87.448,87.609,87.767,87.922,88.074,88.223,88.369,88.512,88.652,88.789,88.924,89.056,89.185,89.312,89.436,89.558,89.677,89.794,89.909,90.021,90.131,90.239,90.345,90.449,90.550,90.650,90.747,90.843,90.937,91.029,91.119,91.207,91.293,91.378,91.461,91.543,91.623,91.701,91.777,91.853,91.926,91.998,92.069,92.139,92.207,92.273,92.338,92.402,92.465,92.527,92.587,92.646,92.704,92.760,92.816,92.871,92.924,92.976,93.028,93.078,93.127,93.175,93.223,93.269,93.315,93.359,93.403,93.446,93.488,93.529,93.569,93.608,93.647,93.685,93.722,93.759,93.795,93.830,93.864,93.897,93.930,93.963,93.994,94.025,94.056,94.086,94.115,94.144,94.172,94.199,94.226,94.252,94.278,94.304,94.329,94.353,94.377,94.400,94.423,94.446,94.468,94.489,94.511,94.531,94.552,94.572,94.591,94.610,94.629,94.648,94.666,94.683,94.701,94.718,94.734,94.751,94.766,94.782,94.798,94.813,94.827,94.842,94.856,94.870,94.883,94.897,94.910,94.923,94.935,94.948,94.960,94.971,94.983,94.994,95.006,95.016,95.027,95.038,95.048,95.058,95.068,95.077,95.087,95.096,95.105,95.114,95.123,95.132,95.140,95.148,95.156,95.164,95.172,95.180,95.187,95.194,95.201,95.208,95.215,95.222,95.229,95.235,95.242,95.248,95.254,95.260,95.266,95.271,95.277,95.283,95.288,95.293,95.298,95.303,95.308,95.313,95.318,95.323,95.327,95.332,95.336,95.341,95.345,95.349,95.353,95.357,95.361,95.365,95.369,95.372,95.376,95.379,95.383,95.386,95.390,95.393,95.396,95.399,95.402,95.405,95.408,95.411,95.414,95.417,95.420,95.422,95.425,95.427,95.430,95.432,95.435,95.437,95.440,95.442,95.444,95.446,95.448,95.450,95.453,
0.000,-0.080,-0.158,0.703,2.209,3.930,5.694,7.446,9.170,10.862,12.522,14.150,15.745,17.308,18.841,20.342,21.814,23.257,24.671,26.057,27.415,28.747,30.051,31.330,32.584,33.812,35.016,36.196,37.352,38.486,39.597,40.686,41.753,42.799,43.824,44.829,45.813,46.779,47.724,48.652,49.560,50.451,51.324,52.179,53.018,53.839,54.645,55.434,56.208,56.966,57.709,58.438,59.152,59.851,60.537,61.209,61.868,62.514,63.146,63.767,64.374,64.970,65.554,66.126,66.687,67.237,67.776,68.304,68.822,69.329,69.826,70.313,70.791,71.259,71.718,72.167,72.608,73.040,73.463,73.878,74.285,74.683,75.074,75.457,75.832,76.200,76.560,76.914,77.260,77.599,77.932,78.258,78.577,78.890,79.197,79.498,79.793,80.082,80.365,80.643,80.915,81.181,81.442,81.699,81.950,82.196,82.437,82.673,82.905,83.132,83.354,83.572,83.786,83.996,84.201,84.402,84.599,84.793,84.982,85.168,85.350,85.528,85.703,85.874,86.042,86.207,86.368,86.526,86.681,86.833,86.982,87.128,87.271,87.411,87.548,87.683,87.815,87.944,88.071,88.195,88.317,88.436,88.553,88.667,88.780,88.890,88.998,89.104,89.207,89.309,89.408,89.506,89.602,89.695,89.787,89.877,89.966,90.052,90.137,90.220,90.301,90.381,90.459,90.536,90.611,90.685,90.757,90.828,90.897,90.965,91.032,91.097,91.161,91.224,91.285,91.346,91.405,91.462,91.519,91.575,91.629,91.683,91.735,91.786,91.837,91.886,91.934,91.981,92.028,92.073,92.118,92.161,92.204,92.246,92.287,92.328,92.367,92.406,92.444,92.481,92.517,92.553,92.588,92.623,92.656,92.689,92.721,92.753,92.784,92.815,92.844,92.874,92.902,92.930,92.958,92.985,93.011,93.037,93.062,93.087,93.112,93.136,93.159,93.182,93.204,93.227,93.248,93.269,93.290,93.310,93.330,93.350,93.369,93.388,93.406,93.424,93.442,93.459,93.476,93.493,93.509,93.525,93.541,93.556,93.571,93.586,93.600,93.615,93.629,93.642,93.655,93.669,93.681,93.694,93.706,93.718,93.730,93.742,93.753,93.764,93.775,93.786,93.796,93.807,93.817,93.827,93.836,93.846,93.855,93.864,93.873,93.882,93.890,93.899,93.907,93.915,93.923,93.931,93.938,93.946,93.953,93.960,93.967,93.974,93.981,93.987,93.994,94.000,94.006,94.013,94.018,94.024,94.030,94.036,94.041,94.047,94.052,94.057,94.062,94.067,94.072,94.077,94.081,94.086,94.091,94.095,94.099,94.104,94.108,94.112,94.116,94.120,94.124,94.127,94.131,94.135,94.138,94.142,94.145,94.148,94.152,94.155,94.158,94.161,94.164,94.167,94.170,94.173,94.176,94.178,94.181,94.184,94.186,94.189,94.191,94.194,94.196,94.198,94.200,94.203,94.205,94.207,94.209,94.211,
0.000,-0.080,-0.158,0.047,1.124,2.656,4.352,6.082,7.799,9.489,11.148,12.775,14.370,15.933,17.466,18.967,20.439,21.882,23.296,24.682,26.040,27.372,28.676,29.955,31.208,32.437,33.641,34.821,35.977,37.111,38.222,39.311,40.378,41.424,42.449,43.454,44.438,45.403,46.349,47.276,48.185,49.076,49.949,50.804,51.643,52.464,53.270,54.059,54.833,55.591,56.334,57.063,57.777,58.476,59.162,59.834,60.493,61.139,61.771,62.392,62.999,63.595,64.179,64.751,65.312,65.862,66.401,66.929,67.446,67.954,68.451,68.938,69.416,69.884,70.343,70.792,71.233,71.665,72.088,72.503,72.910,73.308,73.699,74.082,74.457,74.825,75.185,75.538,75.885,76.224,76.557,76.883,77.202,77.515,77.822,78.123,78.418,78.707,78.990,79.267,79.540,79.806,80.067,80.324,80.575,80.821,81.062,81.298,81.530,81.757,81.979,82.197,82.411,82.620,82.826,83.027,83.224,83.418,83.607,83.793,83.975,84.153,84.328,84.499,84.667,84.832,84.993,85.151,85.306,85.458,85.607,85.753,85.896,86.036,86.173,86.308,86.440,86.569,86.696,86.820,86.942,87.061,87.178,87.292,87.405,87.515,87.623,87.729,87.832,87.934,88.033,88.131,88.227,88.320,88.412,88.502,88.591,88.677,88.762,88.845,88.926,89.006,89.084,89.161,89.236,89.310,89.382,89.453,89.522,89.590,89.657,89.722,89.786,89.849,89.910,89.970,90.030,90.087,90.144,90.200,90.254,90.308,90.360,90.411,90.461,90.511,90.559,90.606,90.653,90.698,90.743,90.786,90.829,90.871,90.912,90.953,90.992,91.031,91.069,91.106,91.142,91.178,91.213,91.247,91.281,91.314,91.346,91.378,91.409,91.439,91.469,91.499,91.527,91.555,91.583,91.610,91.636,91.662,91.687,91.712,91.737,91.761,91.784,91.807,91.829,91.851,91.873,91.894,91.915,91.935,91.955,91.975,91.994,92.013,92.031,92.049,92.067,92.084,92.101,92.118,92.134,92.150,92.166,92.181,92.196,92.211,92.225,92.240,92.253,92.267,92.280,92.294,92.306,92.319,92.331,92.343,92.355,92.367,92.378,92.389,92.400,92.411,92.421,92.432,92.442,92.451,92.461,92.471,92.480,92.489,92.498,92.507,92.515,92.524,92.532,92.540,92.548,92.556,92.563,92.571,92.578,92.585,92.592,92.599,92.606,92.612,92.619,92.625,92.631,92.637,92.643,92.649,92.655,92.661,92.666,92.672,92.677,92.682,92.687,92.692,92.697,92.702,92.706,92.711,92.716,92.720,92.724,92.729,92.733,92.737,92.741,92.745,92.749,92.752,92.756,92.760,92.763,92.767,92.770,92.773,92.777,92.780,92.783,92.786,92.789,92.792,92.795,92.798,92.800,92.803,92.806,92.809,92.811,92.814,92.816,92.818,92.821,92.823,92.825,92.828,92.830,92.832,92.834,92.836,
0.000,0.000,0.000,0.000,0.000,0.000,0.000,0.000,0.000,0.000,0.000,0.000,0.000,0.000,0.000,0.000,0.000,0.000,0.000,0.000,0.000,0.000,0.000,0.000,0.000,0.000,0.000,0.000,0.000,0.000,0.000,0.000,0.000,0.000,0.000,0.000,0.000,0.000,0.000,0.000,0.000,0.000,0.000,0.000,0.000,0.000,0.000,0.000,0.000,0.000,0.000,0.000,0.000,0.000,0.000,0.000,0.000,0.000,0.000,0.000,0.000,0.000,0.000,0.000,0.000,0.000,0.000,0.000,0.000,0.000,0.000,0.000,0.000,0.000,0.000,0.000,0.000,0.000,0.000,0.000,0.000,0.000,0.000,0.000,0.000,0.000,0.000,0.000,0.000,0.000,0.000,0.000,0.000,0.000,0.000,0.000,0.000,0.000,0.000,0.000,0.000,0.000,0.000,0.000,0.000,0.000,0.000,0.000,0.000,0.000,0.000,0.000,0.000,0.000,0.000,0.000,0.000,0.000,0.000,0.000,0.000,0.000,0.000,0.000,0.000,0.000,0.000,0.000,0.000,0.000,0.000,0.000,0.000,0.000,0.000,0.000,0.000,0.000,0.000,0.000,0.000,0.000,0.000,0.000,0.000,0.000,0.000,0.000,0.000,0.000,0.000,0.000,0.000,0.000,0.000,0.000,0.000,0.000,0.000,0.000,0.000,0.000,0.000,0.000,0.000,0.000,0.000,0.000,0.000,0.000,0.000,0.000,0.000,0.000,0.000,0.000,0.000,0.000,0.000,0.000,0.000,0.000,0.000,0.000,0.000,0.000,0.000,0.000,0.000,0.000,0.000,0.000,0.000,0.000,0.000,0.000,0.000,0.000,0.000,0.000,0.000,0.000,0.000,0.000,0.000,0.000,0.000,0.000,0.000,0.000,0.000,0.000,0.000,0.000,0.000,0.000,0.000,0.000,0.000,0.000,0.000,0.000,0.000,0.000,0.000,0.000,0.000,0.000,0.000,0.000,0.000,0.000,0.000,0.000,0.000,0.000,0.000,0.000,0.000,0.000,0.000,0.000,0.000,0.000,0.000,0.000,0.000,0.000,0.000,0.000,0.000,0.000,0.000,0.000,0.000,0.000,0.000,0.000,0.000,0.000,0.000,0.000,0.000,0.000,0.000,0.000,0.000,0.000,0.000,0.000,0.000,0.000,0.000,0.000,0.000,0.000,0.000,0.000,0.000,0.000,0.000,0.000,0.000,0.000,0.000,0.000,0.000,0.000,0.000,0.000,0.000,0.000,0.000,0.000,0.000,0.000,0.000,0.000,0.000,0.000,0.000,0.000,0.000,0.000,0.000,0.000,0.000,0.000,0.000,0.000,0.000,0.000,0.000,0.000,0.000,0.000,0.000,0.000,0.000,0.000,0.000,0.000,0.000,0.000,0.000,0.000,0.000,0.000,0.000,0.000,0.000,0.000,0.000,0.000,0.000,0.000,0.000,0.000,0.000,0.000,0.000,0.000,0.000,0.000,
0.000,-1.040,0.137,1.821,3.634,5.453,7.247,9.009,10.738,12.432,14.092,15.720,17.315,18.879,20.411,21.913,23.385,24.828,26.242,27.628,28.986,30.317,31.622,32.901,34.154,35.382,36.586,37.766,38.923,40.056,41.167,42.256,43.323,44.369,45.394,46.399,47.384,48.349,49.295,50.222,51.131,52.021,52.894,53.750,54.588,55.410,56.215,57.005,57.778,58.537,59.280,60.008,60.722,61.422,62.108,62.780,63.438,64.084,64.717,65.337,65.945,66.541,67.125,67.697,68.258,68.808,69.346,69.874,70.392,70.899,71.396,71.884,72.361,72.829,73.288,73.738,74.179,74.610,75.034,75.449,75.855,76.254,76.644,77.027,77.403,77.770,78.131,78.484,78.830,79.170,79.502,79.828,80.148,80.461,80.768,81.069,81.363,81.652,81.935,82.213,82.485,82.752,83.013,83.269,83.520,83.766,84.007,84.244,84.475,84.702,84.925,85.143,85.357,85.566,85.771,85.973,86.170,86.363,86.552,86.738,86.920,87.099,87.273,87.445,87.613,87.777,87.938,88.097,88.252,88.403,88.552,88.698,88.841,88.981,89.119,89.253,89.385,89.514,89.641,89.765,89.887,90.006,90.123,90.238,90.350,90.460,90.568,90.674,90.778,90.879,90.979,91.077,91.172,91.266,91.358,91.448,91.536,91.623,91.707,91.790,91.872,91.952,92.030,92.107,92.182,92.255,92.328,92.398,92.468,92.536,92.602,92.668,92.732,92.794,92.856,92.916,92.975,93.033,93.090,93.145,93.200,93.253,93.305,93.357,93.407,93.456,93.505,93.552,93.598,93.644,93.688,93.732,93.775,93.817,93.858,93.898,93.938,93.976,94.014,94.052,94.088,94.124,94.159,94.193,94.227,94.260,94.292,94.324,94.355,94.385,94.415,94.444,94.473,94.501,94.528,94.555,94.582,94.608,94.633,94.658,94.682,94.706,94.729,94.752,94.775,94.797,94.819,94.840,94.861,94.881,94.901,94.920,94.940,94.958,94.977,94.995,95.012,95.030,95.047,95.063,95.080,95.096,95.111,95.127,95.142,95.157,95.171,95.185,95.199,95.213,95.226,95.239,95.252,95.264,95.277,95.289,95.301,95.312,95.324,95.335,95.346,95.356,95.367,95.377,95.387,95.397,95.407,95.416,95.425,95.435,95.443,95.452,95.461,95.469,95.477,95.485,95.493,95.501,95.509,95.516,95.524,95.531,95.538,95.545,95.551,95.558,95.564,95.571,95.577,95.583,95.589,95.595,95.601,95.606,95.612,95.617,95.622,95.628,95.633,95.638,95.643,95.647,95.652,95.657,95.661,95.666,95.670,95.674,95.678,95.682,95.686,95.690,95.694,95.698,95.702,95.705,95.709,95.712,95.716,95.719,95.722,95.725,95.728,95.732,95.735,95.738,95.740,95.743,95.746,95.749,95.751,95.754,95.757,95.759,95.762,95.764,95.766,95.769,95.771,95.773,95.775,95.778,95.780,95.782,
0.000,-0.175,0.251,1.664,3.382,5.172,6.957,8.716,10.442,12.135,13.796,15.423,17.019,18.582,20.114,21.616,23.088,24.531,25.945,27.331,28.689,30.021,31.325,32.604,33.857,35.086,36.290,37.470,38.626,39.760,40.871,41.960,43.027,44.073,45.098,46.103,47.087,48.052,48.998,49.925,50.834,51.725,52.598,53.453,54.291,55.113,55.919,56.708,57.482,58.240,58.983,59.712,60.426,61.125,61.811,62.483,63.142,63.788,64.420,65.041,65.648,66.244,66.828,67.400,67.961,68.511,69.050,69.578,70.095,70.603,71.100,71.587,72.065,72.533,72.992,73.441,73.882,74.314,74.737,75.152,75.559,75.957,76.348,76.731,77.106,77.474,77.834,78.187,78.534,78.873,79.206,79.532,79.851,80.164,80.471,80.772,81.067,81.356,81.639,81.916,82.188,82.455,82.716,82.973,83.224,83.470,83.711,83.947,84.179,84.406,84.628,84.846,85.060,85.269,85.475,85.676,85.873,86.066,86.256,86.442,86.624,86.802,86.977,87.148,87.316,87.481,87.642,87.800,87.955,88.107,88.256,88.402,88.545,88.685,88.822,88.957,89.089,89.218,89.345,89.469,89.591,89.710,89.827,89.941,90.054,90.164,90.272,90.378,90.481,90.583,90.682,90.780,90.876,90.969,91.061,91.151,91.240,91.326,91.411,91.494,91.575,91.655,91.733,91.810,91.885,91.959,92.031,92.102,92.171,92.239,92.306,92.371,92.435,92.498,92.559,92.619,92.678,92.736,92.793,92.849,92.903,92.957,93.009,93.060,93.110,93.160,93.208,93.255,93.302,93.347,93.392,93.435,93.478,93.520,93.561,93.602,93.641,93.680,93.718,93.755,93.791,93.827,93.862,93.896,93.930,93.963,93.995,94.027,94.058,94.088,94.118,94.147,94.176,94.204,94.232,94.259,94.285,94.311,94.336,94.361,94.386,94.409,94.433,94.456,94.478,94.500,94.522,94.543,94.564,94.584,94.604,94.624,94.643,94.662,94.680,94.698,94.716,94.733,94.750,94.767,94.783,94.799,94.815,94.830,94.845,94.860,94.874,94.889,94.902,94.916,94.929,94.942,94.955,94.968,94.980,94.992,95.004,95.016,95.027,95.038,95.049,95.060,95.070,95.080,95.091,95.100,95.110,95.120,95.129,95.138,95.147,95.156,95.164,95.173,95.181,95.189,95.197,95.205,95.212,95.220,95.227,95.234,95.241,95.248,95.255,95.261,95.268,95.274,95.280,95.286,95.292,95.298,95.304,95.310,95.315,95.320,95.326,95.331,95.336,95.341,95.346,95.351,95.355,95.360,95.365,95.369,95.373,95.377,95.382,95.386,95.390,95.394,95.397,95.401,95.405,95.409,95.412,95.416,95.419,95.422,95.426,95.429,95.432,95.435,95.438,95.441,95.444,95.447,95.449,95.452,95.455,95.457,95.460,95.463,95.465,95.467,95.470,95.472,95.474,95.477,95.479,95.481,95.483,95.485,
0.000,-0.080,-0.168,0.778,2.358,4.095,5.851,7.590,9.309,11.002,12.662,14.289,15.885,17.448,18.981,20.482,21.954,23.397,24.811,26.197,27.555,28.887,30.191,31.470,32.723,33.952,35.156,36.336,37.492,38.626,39.737,40.826,41.893,42.939,43.964,44.969,45.953,46.918,47.864,48.792,49.700,50.591,51.464,52.319,53.158,53.979,54.785,55.574,56.348,57.106,57.849,58.578,59.292,59.991,60.677,61.349,62.008,62.654,63.286,63.907,64.514,65.110,65.694,66.266,66.827,67.377,67.916,68.444,68.962,69.469,69.966,70.453,70.931,71.399,71.858,72.307,72.748,73.180,73.603,74.018,74.425,74.823,75.214,75.597,75.972,76.340,76.700,77.054,77.400,77.739,78.072,78.398,78.717,79.030,79.337,79.638,79.933,80.222,80.505,80.782,81.055,81.321,81.582,81.839,82.090,82.336,82.577,82.813,83.045,83.272,83.494,83.712,83.926,84.135,84.341,84.542,84.739,84.933,85.122,85.308,85.490,85.668,85.843,86.014,86.182,86.347,86.508,86.666,86.821,86.973,87.122,87.268,87.411,87.551,87.688,87.823,87.955,88.084,88.211,88.335,88.457,88.576,88.693,88.807,88.920,89.030,89.138,89.244,89.347,89.449,89.548,89.646,89.742,89.835,89.927,90.017,90.106,90.192,90.277,90.360,90.441,90.521,90.599,90.676,90.751,90.825,90.897,90.968,91.037,91.105,91.172,91.237,91.301,91.364,91.425,91.485,91.545,91.602,91.659,91.715,91.769,91.823,91.875,91.926,91.976,92.026,92.074,92.121,92.168,92.213,92.258,92.301,92.344,92.386,92.427,92.468,92.507,92.546,92.584,92.621,92.657,92.693,92.728,92.762,92.796,92.829,92.861,92.893,92.924,92.954,92.984,93.014,93.042,93.070,93.098,93.125,93.151,93.177,93.202,93.227,93.252,93.276,93.299,93.322,93.344,93.366,93.388,93.409,93.430,93.450,93.470,93.490,93.509,93.528,93.546,93.564,93.582,93.599,93.616,93.633,93.649,93.665,93.681,93.696,93.711,93.726,93.740,93.755,93.768,93.782,93.795,93.809,93.821,93.834,93.846,93.858,93.870,93.882,93.893,93.904,93.915,93.926,93.936,93.947,93.957,93.966,93.976,93.986,93.995,94.004,94.013,94.022,94.030,94.039,94.047,94.055,94.063,94.071,94.078,94.086,94.093,94.100,94.107,94.114,94.121,94.127,94.134,94.140,94.146,94.152,94.158,94.164,94.170,94.176,94.181,94.187,94.192,94.197,94.202,94.207,94.212,94.217,94.221,94.226,94.231,94.235,94.239,94.244,94.248,94.252,94.256,94.260,94.264,94.267,94.271,94.275,94.278,94.282,94.285,94.288,94.292,94.295,94.298,94.301,94.304,94.307,94.310,94.313,94.316,94.318,94.321,94.324,94.326,94.329,94.331,94.333,94.336,94.338,94.340,94.343,94.345,94.347,94.349,94.351,
0.000,0.000,0.000,0.000,0.000,0.000,0.000,0.000,0.000,0.000,0.000,0.000,0.000,0.000,0.000,0.000,0.000,0.000,0.000,0.000,0.000,0.000,0.000,0.000,0.000,0.000,0.000,0.000,0.000,0.000,0.000,0.000,0.000,0.000,0.000,0.000,0.000,0.000,0.000,0.000,0.000,0.000,0.000,0.000,0.000,0.000,0.000,0.000,0.000,0.000,0.000,0.000,0.000,0.000,0.000,0.000,0.000,0.000,0.000,0.000,0.000,0.000,0.000,0.000,0.000,0.000,0.000,0.000,0.000,0.000,0.000,0.000,0.000,0.000,0.000,0.000,0.000,0.000,0.000,0.000,0.000,0.000,0.000,0.000,0.000,0.000,0.000,0.000,0.000,0.000,0.000,0.000,0.000,0.000,0.000,0.000,0.000,0.000,0.000,0.000,0.000,0.000,0.000,0.000,0.000,0.000,0.000,0.000,0.000,0.000,0.000,0.000,0.000,0.000,0.000,0.000,0.000,0.000,0.000,0.000,0.000,0.000,0.000,0.000,0.000,0.000,0.000,0.000,0.000,0.000,0.000,0.000,0.000,0.000,0.000,0.000,0.000,0.000,0.000,0.000,0.000,0.000,0.000,0.000,0.000,0.000,0.000,0.000,0.000,0.000,0.000,0.000,0.000,0.000,0.000,0.000,0.000,0.000,0.000,0.000,0.000,0.000,0.000,0.000,0.000,0.000,0.000,0.000,0.000,0.000,0.000,0.000,0.000,0.000,0.000,0.000,0.000,0.000,0.000,0.000,0.000,0.000,0.000,0.000,0.000,0.000,0.000,0.000,0.000,0.000,0.000,0.000,0.000,0.000,0.000,0.000,0.000,0.000,0.000,0.000,0.000,0.000,0.000,0.000,0.000,0.000,0.000,0.000,0.000,0.000,0.000,0.000,0.000,0.000,0.000,0.000,0.000,0.000,0.000,0.000,0.000,0.000,0.000,0.000,0.000,0.000,0.000,0.000,0.000,0.000,0.000,0.000,0.000,0.000,0.000,0.000,0.000,0.000,0.000,0.000,0.000,0.000,0.000,0.000,0.000,0.000,0.000,0.000,0.000,0.000,0.000,0.000,0.000,0.000,0.000,0.000,0.000,0.000,0.000,0.000,0.000,0.000,0.000,0.000,0.000,0.000,0.000,0.000,0.000,0.000,0.000,0.000,0.000,0.000,0.000,0.000,0.000,0.000,0.000,0.000,0.000,0.000,0.000,0.000,0.000,0.000,0.000,0.000,0.000,0.000,0.000,0.000,0.000,0.000,0.000,0.000,0.000,0.000,0.000,0.000,0.000,0.000,0.000,0.000,0.000,0.000,0.000,0.000,0.000,0.000,0.000,0.000,0.000,0.000,0.000,0.000,0.000,0.000,0.000,0.000,0.000,0.000,0.000,0.000,0.000,0.000,0.000,0.000,0.000,0.000,0.000,0.000,0.000,0.000,0.000,0.000,0.000,0.000,0.000,0.000,0.000,0.000,0.000,0.000,
0.000,-0.080,-0.158,-0.234,0.345,1.611,3.200,4.892,6.597,8.283,9.940,11.566,13.161,14.725,16.257,17.759,19.231,20.673,22.087,23.473,24.832,26.163,27.468,28.746,30.000,31.228,32.432,33.612,34.769,35.902,37.013,38.102,39.169,40.215,41.240,42.245,43.230,44.195,45.141,46.068,46.976,47.867,48.740,49.595,50.434,51.256,52.061,52.850,53.624,54.382,55.126,55.854,56.568,57.268,57.953,58.625,59.284,59.930,60.563,61.183,61.791,62.387,62.970,63.543,64.104,64.653,65.192,65.720,66.238,66.745,67.242,67.730,68.207,68.675,69.134,69.584,70.024,70.456,70.880,71.294,71.701,72.100,72.490,72.873,73.248,73.616,73.977,74.330,74.676,75.015,75.348,75.674,75.993,76.307,76.613,76.914,77.209,77.498,77.781,78.059,78.331,78.597,78.859,79.115,79.366,79.612,79.853,80.089,80.321,80.548,80.770,80.989,81.202,81.412,81.617,81.818,82.016,82.209,82.398,82.584,82.766,82.944,83.119,83.290,83.458,83.623,83.784,83.942,84.097,84.249,84.398,84.544,84.687,84.827,84.964,85.099,85.231,85.360,85.487,85.611,85.733,85.852,85.969,86.084,86.196,86.306,86.414,86.520,86.624,86.725,86.825,86.922,87.018,87.112,87.204,87.294,87.382,87.468,87.553,87.636,87.718,87.798,87.876,87.952,88.028,88.101,88.173,88.244,88.314,88.381,88.448,88.513,88.577,88.640,88.702,88.762,88.821,88.879,88.935,88.991,89.045,89.099,89.151,89.202,89.253,89.302,89.350,89.398,89.444,89.490,89.534,89.578,89.621,89.663,89.704,89.744,89.783,89.822,89.860,89.897,89.934,89.969,90.004,90.039,90.072,90.105,90.138,90.169,90.200,90.231,90.261,90.290,90.318,90.347,90.374,90.401,90.427,90.453,90.479,90.504,90.528,90.552,90.575,90.598,90.621,90.643,90.664,90.686,90.706,90.727,90.747,90.766,90.785,90.804,90.822,90.841,90.858,90.876,90.892,90.909,90.925,90.941,90.957,90.972,90.988,91.002,91.017,91.031,91.045,91.058,91.072,91.085,91.098,91.110,91.122,91.135,91.146,91.158,91.169,91.180,91.191,91.202,91.213,91.223,91.233,91.243,91.252,91.262,91.271,91.280,91.289,91.298,91.307,91.315,91.323,91.331,91.339,91.347,91.355,91.362,91.369,91.376,91.383,91.390,91.397,91.404,91.410,91.416,91.423,91.429,91.435,91.441,91.446,91.452,91.457,91.463,91.468,91.473,91.478,91.483,91.488,91.493,91.498,91.502,91.507,91.511,91.516,91.520,91.524,91.528,91.532,91.536,91.540,91.544,91.547,91.551,91.554,91.558,91.561,91.565,91.568,91.571,91.574,91.577,91.580,91.583,91.586,91.589,91.592,91.595,91.597,91.600,91.602,91.605,91.607,91.610,91.612,91.614,91.617,91.619,91.621,91.623,91.625,91.627,
0.000,1.887,3.634,5.342,7.013,8.648,10.248,11.815,13.350,14.852,16.324,17.766,19.179,20.563,21.919,23.248,24.551,25.828,27.082,28.313,29.523,30.711,31.878,33.024,34.150,35.256,36.342,37.412,38.478,39.539,40.590,41.630,42.658,43.672,44.671,45.654,46.622,47.573,48.507,49.425,50.326,51.211,52.078,52.930,53.765,54.584,55.387,56.175,56.947,57.704,58.446,59.174,59.887,60.587,61.272,61.944,62.602,63.248,63.880,64.500,65.108,65.704,66.287,66.860,67.421,67.970,68.509,69.037,69.555,70.062,70.559,71.046,71.524,71.992,72.451,72.900,73.341,73.773,74.196,74.611,75.018,75.416,75.807,76.190,76.565,76.933,77.293,77.646,77.993,78.332,78.665,78.991,79.310,79.623,79.930,80.231,80.526,80.815,81.098,81.375,81.647,81.914,82.175,82.432,82.683,82.929,83.170,83.406,83.638,83.865,84.087,84.305,84.519,84.728,84.934,85.135,85.332,85.525,85.715,85.901,86.083,86.261,86.436,86.607,86.775,86.940,87.101,87.259,87.414,87.566,87.715,87.861,88.004,88.144,88.281,88.416,88.548,88.677,88.804,88.928,89.050,89.169,89.286,89.400,89.513,89.623,89.731,89.837,89.940,90.042,90.141,90.239,90.335,90.428,90.520,90.610,90.699,90.785,90.870,90.953,91.034,91.114,91.192,91.269,91.344,91.418,91.490,91.561,91.630,91.698,91.765,91.830,91.894,91.957,92.018,92.078,92.137,92.195,92.252,92.308,92.362,92.416,92.468,92.519,92.569,92.619,92.667,92.714,92.761,92.806,92.851,92.894,92.937,92.979,93.020,93.061,93.100,93.139,93.177,93.214,93.250,93.286,93.321,93.355,93.389,93.422,93.454,93.486,93.517,93.547,93.577,93.606,93.635,93.663,93.691,93.718,93.744,93.770,93.795,93.820,93.845,93.869,93.892,93.915,93.937,93.959,93.981,94.002,94.023,94.043,94.063,94.083,94.102,94.121,94.139,94.157,94.175,94.192,94.209,94.226,94.242,94.258,94.274,94.289,94.304,94.319,94.333,94.348,94.361,94.375,94.388,94.401,94.414,94.427,94.439,94.451,94.463,94.475,94.486,94.497,94.508,94.519,94.529,94.540,94.550,94.559,94.569,94.579,94.588,94.597,94.606,94.615,94.623,94.632,94.640,94.648,94.656,94.664,94.671,94.679,94.686,94.693,94.700,94.707,94.714,94.720,94.727,94.733,94.739,94.745,94.751,94.757,94.763,94.769,94.774,94.780,94.785,94.790,94.795,94.800,94.805,94.810,94.814,94.819,94.824,94.828,94.832,94.837,94.841,94.845,94.849,94.853,94.857,94.860,94.864,94.868,94.871,94.875,94.878,94.881,94.885,94.888,94.891,94.894,94.897,94.900,94.903,94.906,94.908,94.911,94.914,94.916,94.919,94.922,94.924,94.926,94.929,94.931,94.933,94.936,94.938,94.940,94.942,94.944,
0.000,0.752,2.353,4.020,5.687,7.329,8.941,10.520,12.069,13.586,15.074,16.531,17.960,19.360,20.734,22.081,23.401,24.695,25.963,27.208,28.432,29.633,30.812,31.971,33.108,34.225,35.321,36.482,37.629,38.754,39.858,40.942,42.004,43.047,44.069,45.071,46.054,47.018,47.962,48.889,49.796,50.686,51.559,52.414,53.252,54.073,54.878,55.667,56.441,57.199,57.942,58.671,59.384,60.084,60.770,61.442,62.101,62.746,63.379,63.999,64.607,65.203,65.787,66.359,66.920,67.470,68.008,68.536,69.054,69.561,70.058,70.546,71.023,71.491,71.950,72.400,72.841,73.272,73.696,74.111,74.517,74.916,75.306,75.689,76.065,76.432,76.793,77.146,77.492,77.832,78.164,78.490,78.810,79.123,79.430,79.730,80.025,80.314,80.597,80.875,81.147,81.414,81.675,81.931,82.182,82.428,82.669,82.906,83.137,83.364,83.587,83.805,84.019,84.228,84.433,84.635,84.832,85.025,85.214,85.400,85.582,85.760,85.935,86.107,86.275,86.439,86.600,86.759,86.913,87.065,87.214,87.360,87.503,87.643,87.781,87.915,88.047,88.176,88.303,88.427,88.549,88.668,88.785,88.900,89.012,89.122,89.230,89.336,89.440,89.541,89.641,89.739,89.834,89.928,90.020,90.110,90.198,90.285,90.369,90.452,90.534,90.614,90.692,90.769,90.844,90.917,90.990,91.060,91.130,91.198,91.264,91.330,91.394,91.456,91.518,91.578,91.637,91.695,91.752,91.807,91.862,91.915,91.967,92.019,92.069,92.118,92.167,92.214,92.260,92.306,92.350,92.394,92.437,92.479,92.520,92.560,92.600,92.638,92.676,92.713,92.750,92.786,92.821,92.855,92.889,92.922,92.954,92.986,93.017,93.047,93.077,93.106,93.135,93.163,93.190,93.217,93.244,93.270,93.295,93.320,93.344,93.368,93.391,93.414,93.437,93.459,93.481,93.502,93.523,93.543,93.563,93.582,93.602,93.620,93.639,93.657,93.674,93.692,93.709,93.725,93.742,93.758,93.773,93.789,93.804,93.818,93.833,93.847,93.861,93.875,93.888,93.901,93.914,93.926,93.939,93.951,93.963,93.974,93.986,93.997,94.008,94.018,94.029,94.039,94.049,94.059,94.069,94.078,94.087,94.097,94.105,94.114,94.123,94.131,94.139,94.147,94.155,94.163,94.171,94.178,94.185,94.193,94.200,94.207,94.213,94.220,94.226,94.233,94.239,94.245,94.251,94.257,94.263,94.268,94.274,94.279,94.284,94.290,94.295,94.300,94.304,94.309,94.314,94.319,94.323,94.327,94.332,94.336,94.340,94.344,94.348,94.352,94.356,94.360,94.363,94.367,94.371,94.374,94.378,94.381,94.384,94.387,94.390,94.394,94.397,94.399,94.402,94.405,94.408,94.411,94.413,94.416,94.419,94.421,94.424,94.426,94.428,94.431,94.433,94.435,94.437,94.440,94.442,94.444,
0.000,-1.040,0.332,1.903,3.541,5.179,6.796,8.384,9.942,11.471,12.970,14.440,15.881,17.294,18.680,20.040,21.374,22.681,23.962,25.219,26.483,27.801,29.093,30.359,31.601,32.818,34.011,35.184,36.339,37.472,38.582,39.670,40.737,41.782,42.807,43.812,44.796,45.761,46.707,47.634,48.543,49.433,50.306,51.161,52.000,52.821,53.627,54.416,55.190,55.948,56.691,57.420,58.134,58.833,59.519,60.191,60.850,61.496,62.128,62.749,63.356,63.952,64.536,65.108,65.669,66.219,66.758,67.286,67.803,68.311,68.808,69.295,69.773,70.241,70.700,71.149,71.590,72.022,72.445,72.860,73.267,73.665,74.056,74.439,74.814,75.182,75.542,75.895,76.242,76.581,76.914,77.240,77.559,77.872,78.179,78.480,78.775,79.064,79.347,79.624,79.896,80.163,80.424,80.681,80.932,81.178,81.419,81.655,81.887,82.114,82.336,82.554,82.768,82.977,83.183,83.384,83.581,83.774,83.964,84.150,84.332,84.510,84.685,84.856,85.024,85.189,85.350,85.508,85.663,85.815,85.964,86.110,86.253,86.393,86.530,86.665,86.797,86.926,87.053,87.177,87.299,87.418,87.535,87.649,87.762,87.872,87.980,88.086,88.189,88.291,88.390,88.488,88.584,88.677,88.769,88.859,88.948,89.034,89.119,89.202,89.283,89.363,89.441,89.518,89.593,89.667,89.739,89.810,89.879,89.947,90.014,90.079,90.143,90.206,90.267,90.327,90.386,90.444,90.501,90.557,90.611,90.665,90.717,90.768,90.818,90.868,90.916,90.963,91.010,91.055,91.100,91.143,91.186,91.228,91.269,91.310,91.349,91.388,91.426,91.463,91.499,91.535,91.570,91.604,91.638,91.671,91.703,91.735,91.766,91.796,91.826,91.855,91.884,91.912,91.940,91.967,91.993,92.019,92.044,92.069,92.094,92.117,92.141,92.164,92.186,92.208,92.230,92.251,92.272,92.292,92.312,92.332,92.351,92.370,92.388,92.406,92.424,92.441,92.458,92.475,92.491,92.507,92.523,92.538,92.553,92.568,92.582,92.597,92.610,92.624,92.637,92.650,92.663,92.676,92.688,92.700,92.712,92.724,92.735,92.746,92.757,92.768,92.778,92.788,92.799,92.808,92.818,92.828,92.837,92.846,92.855,92.864,92.872,92.881,92.889,92.897,92.905,92.913,92.920,92.928,92.935,92.942,92.949,92.956,92.963,92.969,92.976,92.982,92.988,92.994,93.000,93.006,93.012,93.018,93.023,93.028,93.034,93.039,93.044,93.049,93.054,93.059,93.063,93.068,93.073,93.077,93.081,93.085,93.090,93.094,93.098,93.102,93.105,93.109,93.113,93.117,93.120,93.124,93.127,93.130,93.134,93.137,93.140,93.143,93.146,93.149,93.152,93.155,93.157,93.160,93.163,93.165,93.168,93.171,93.173,93.175,93.178,93.180,93.182,93.185,93.187,93.189,93.191,93.193,
0.000,-0.175,-0.198,0.956,2.512,4.125,5.737,7.329,8.893,10.429,11.937,13.416,14.867,16.348,17.864,19.350,20.806,22.234,23.633,25.005,26.349,27.675,28.979,30.256,31.508,32.735,33.938,35.117,36.273,37.406,38.517,39.606,40.673,41.719,42.744,43.749,44.734,45.699,46.645,47.572,48.480,49.371,50.244,51.099,51.938,52.759,53.565,54.354,55.128,55.886,56.629,57.358,58.072,58.771,59.457,60.129,60.788,61.434,62.066,62.687,63.295,63.890,64.474,65.046,65.607,66.157,66.696,67.224,67.742,68.249,68.746,69.233,69.711,70.179,70.638,71.087,71.528,71.960,72.383,72.798,73.205,73.603,73.994,74.377,74.752,75.120,75.480,75.834,76.180,76.519,76.852,77.178,77.497,77.810,78.117,78.418,78.713,79.002,79.285,79.563,79.835,80.101,80.363,80.619,80.870,81.116,81.357,81.593,81.825,82.052,82.274,82.492,82.706,82.916,83.121,83.322,83.519,83.713,83.902,84.088,84.270,84.448,84.623,84.794,84.962,85.127,85.288,85.446,85.601,85.753,85.902,86.048,86.191,86.331,86.468,86.603,86.735,86.864,86.991,87.115,87.237,87.356,87.473,87.588,87.700,87.810,87.918,88.024,88.127,88.229,88.328,88.426,88.522,88.615,88.707,88.797,88.886,88.972,89.057,89.140,89.221,89.301,89.380,89.456,89.531,89.605,89.677,89.748,89.817,89.885,89.952,90.017,90.081,90.144,90.205,90.266,90.325,90.382,90.439,90.495,90.549,90.603,90.655,90.706,90.757,90.806,90.854,90.901,90.948,90.993,91.038,91.082,91.124,91.166,91.207,91.248,91.287,91.326,91.364,91.401,91.437,91.473,91.508,91.543,91.576,91.609,91.641,91.673,91.704,91.735,91.764,91.794,91.822,91.850,91.878,91.905,91.931,91.957,91.982,92.007,92.032,92.056,92.079,92.102,92.124,92.147,92.168,92.189,92.210,92.230,92.250,92.270,92.289,92.308,92.326,92.344,92.362,92.379,92.396,92.413,92.429,92.445,92.461,92.476,92.491,92.506,92.520,92.535,92.549,92.562,92.575,92.589,92.601,92.614,92.626,92.638,92.650,92.662,92.673,92.684,92.695,92.706,92.716,92.727,92.737,92.747,92.756,92.766,92.775,92.784,92.793,92.802,92.810,92.819,92.827,92.835,92.843,92.851,92.858,92.866,92.873,92.880,92.887,92.894,92.901,92.907,92.914,92.920,92.926,92.933,92.939,92.944,92.950,92.956,92.961,92.967,92.972,92.977,92.982,92.987,92.992,92.997,93.002,93.006,93.011,93.015,93.019,93.024,93.028,93.032,93.036,93.040,93.044,93.047,93.051,93.055,93.058,93.062,93.065,93.068,93.072,93.075,93.078,93.081,93.084,93.087,93.090,93.093,93.096,93.098,93.101,93.104,93.106,93.109,93.111,93.114,93.116,93.118,93.121,93.123,93.125,93.127,93.129,93.131,
0.000,0.000,0.000,0.000,0.000,0.000,0.000,0.000,0.000,0.000,0.000,0.000,0.000,0.000,0.000,0.000,0.000,0.000,0.000,0.000,0.000,0.000,0.000,0.000,0.000,0.000,0.000,0.000,0.000,0.000,0.000,0.000,0.000,0.000,0.000,0.000,0.000,0.000,0.000,0.000,0.000,0.000,0.000,0.000,0.000,0.000,0.000,0.000,0.000,0.000,0.000,0.000,0.000,0.000,0.000,0.000,0.000,0.000,0.000,0.000,0.000,0.000,0.000,0.000,0.000,0.000,0.000,0.000,0.000,0.000,0.000,0.000,0.000,0.000,0.000,0.000,0.000,0.000,0.000,0.000,0.000,0.000,0.000,0.000,0.000,0.000,0.000,0.000,0.000,0.000,0.000,0.000,0.000,0.000,0.000,0.000,0.000,0.000,0.000,0.000,0.000,0.000,0.000,0.000,0.000,0.000,0.000,0.000,0.000,0.000,0.000,0.000,0.000,0.000,0.000,0.000,0.000,0.000,0.000,0.000,0.000,0.000,0.000,0.000,0.000,0.000,0.000,0.000,0.000,0.000,0.000,0.000,0.000,0.000,0.000,0.000,0.000,0.000,0.000,0.000,0.000,0.000,0.000,0.000,0.000,0.000,0.000,0.000,0.000,0.000,0.000,0.000,0.000,0.000,0.000,0.000,0.000,0.000,0.000,0.000,0.000,0.000,0.000,0.000,0.000,0.000,0.000,0.000,0.000,0.000,0.000,0.000,0.000,0.000,0.000,0.000,0.000,0.000,0.000,0.000,0.000,0.000,0.000,0.000,0.000,0.000,0.000,0.000,0.000,0.000,0.000,0.000,0.000,0.000,0.000,0.000,0.000,0.000,0.000,0.000,0.000,0.000,0.000,0.000,0.000,0.000,0.000,0.000,0.000,0.000,0.000,0.000,0.000,0.000,0.000,0.000,0.000,0.000,0.000,0.000,0.000,0.000,0.000,0.000,0.000,0.000,0.000,0.000,0.000,0.000,0.000,0.000,0.000,0.000,0.000,0.000,0.000,0.000,0.000,0.000,0.000,0.000,0.000,0.000,0.000,0.000,0.000,0.000,0.000,0.000,0.000,0.000,0.000,0.000,0.000,0.000,0.000,0.000,0.000,0.000,0.000,0.000,0.000,0.000,0.000,0.000,0.000,0.000,0.000,0.000,0.000,0.000,0.000,0.000,0.000,0.000,0.000,0.000,0.000,0.000,0.000,0.000,0.000,0.000,0.000,0.000,0.000,0.000,0.000,0.000,0.000,0.000,0.000,0.000,0.000,0.000,0.000,0.000,0.000,0.000,0.000,0.000,0.000,0.000,0.000,0.000,0.000,0.000,0.000,0.000,0.000,0.000,0.000,0.000,0.000,0.000,0.000,0.000,0.000,0.000,0.000,0.000,0.000,0.000,0.000,0.000,0.000,0.000,0.000,0.000,0.000,0.000,0.000,0.000,0.000,0.000,0.000,0.000,0.000,0.000,0.000,0.000,0.000,0.000,
0.000,-0.080,-0.158,0.034,1.079,2.425,3.819,5.201,6.558,7.893,9.207,10.503,11.973,13.531,15.063,16.565,18.037,19.480,20.894,22.280,23.638,24.969,26.274,27.553,28.806,30.035,31.239,32.419,33.575,34.709,35.819,36.908,37.976,39.021,40.047,41.051,42.036,43.001,43.947,44.874,45.783,46.673,47.546,48.402,49.240,50.062,50.867,51.657,52.430,53.189,53.932,54.660,55.374,56.074,56.760,57.432,58.091,58.736,59.369,59.989,60.597,61.193,61.777,62.349,62.910,63.460,63.999,64.527,65.044,65.551,66.049,66.536,67.013,67.482,67.940,68.390,68.831,69.263,69.686,70.101,70.507,70.906,71.297,71.679,72.055,72.422,72.783,73.136,73.482,73.822,74.154,74.480,74.800,75.113,75.420,75.721,76.015,76.304,76.588,76.865,77.137,77.404,77.665,77.921,78.172,78.418,78.659,78.896,79.127,79.354,79.577,79.795,80.009,80.218,80.423,80.625,80.822,81.015,81.205,81.390,81.572,81.751,81.925,82.097,82.265,82.429,82.591,82.749,82.904,83.056,83.204,83.350,83.493,83.633,83.771,83.905,84.037,84.167,84.293,84.418,84.539,84.659,84.776,84.890,85.002,85.113,85.220,85.326,85.430,85.531,85.631,85.729,85.824,85.918,86.010,86.100,86.188,86.275,86.360,86.443,86.524,86.604,86.682,86.759,86.834,86.908,86.980,87.051,87.120,87.188,87.254,87.320,87.384,87.446,87.508,87.568,87.627,87.685,87.742,87.797,87.852,87.905,87.958,88.009,88.059,88.108,88.157,88.204,88.250,88.296,88.340,88.384,88.427,88.469,88.510,88.550,88.590,88.629,88.666,88.704,88.740,88.776,88.811,88.845,88.879,88.912,88.944,88.976,89.007,89.037,89.067,89.096,89.125,89.153,89.180,89.207,89.234,89.260,89.285,89.310,89.334,89.358,89.382,89.405,89.427,89.449,89.471,89.492,89.513,89.533,89.553,89.573,89.592,89.610,89.629,89.647,89.665,89.682,89.699,89.716,89.732,89.748,89.763,89.779,89.794,89.809,89.823,89.837,89.851,89.865,89.878,89.891,89.904,89.917,89.929,89.941,89.953,89.964,89.976,89.987,89.998,90.008,90.019,90.029,90.039,90.049,90.059,90.068,90.078,90.087,90.096,90.104,90.113,90.121,90.130,90.138,90.146,90.153,90.161,90.168,90.176,90.183,90.190,90.197,90.203,90.210,90.216,90.223,90.229,90.235,90.241,90.247,90.253,90.258,90.264,90.269,90.275,90.280,90.285,90.290,90.295,90.299,90.304,90.309,90.313,90.318,90.322,90.326,90.330,90.334,90.338,90.342,90.346,90.350,90.354,90.357,90.361,90.364,90.368,90.371,90.374,90.377,90.381,90.384,90.387,90.390,90.393,90.395,90.398,90.401,90.404,90.406,90.409,90.411,90.414,90.416,90.419,90.421,90.423,90.425,90.428,90.430,90.432,90.434,
0.000,0.847,2.574,4.266,5.923,7.546,9.138,10.697,12.226,13.724,15.192,16.631,18.041,19.423,20.779,22.109,23.412,24.689,25.941,27.171,28.379,29.565,30.731,31.876,33.000,34.104,35.189,36.254,37.315,38.373,39.424,40.463,41.490,42.504,43.502,44.485,45.452,46.403,47.338,48.255,49.156,50.041,50.908,51.760,52.595,53.414,54.217,55.005,55.777,56.534,57.276,58.004,58.717,59.416,60.101,60.773,61.432,62.077,62.710,63.330,63.938,64.533,65.117,65.689,66.250,66.800,67.339,67.867,68.384,68.891,69.389,69.876,70.353,70.821,71.280,71.730,72.171,72.602,73.026,73.441,73.847,74.246,74.636,75.019,75.395,75.762,76.123,76.476,76.822,77.162,77.494,77.820,78.140,78.453,78.760,79.061,79.355,79.644,79.927,80.205,80.477,80.744,81.005,81.261,81.512,81.758,81.999,82.236,82.467,82.694,82.917,83.135,83.349,83.558,83.763,83.965,84.162,84.355,84.544,84.730,84.912,85.091,85.265,85.437,85.605,85.769,85.930,86.089,86.244,86.395,86.544,86.690,86.833,86.973,87.111,87.245,87.377,87.506,87.633,87.757,87.879,87.998,88.115,88.230,88.342,88.452,88.560,88.666,88.770,88.871,88.971,89.069,89.164,89.258,89.350,89.440,89.528,89.615,89.699,89.782,89.864,89.944,90.022,90.099,90.174,90.247,90.320,90.390,90.460,90.528,90.594,90.660,90.724,90.786,90.848,90.908,90.967,91.025,91.082,91.137,91.192,91.245,91.297,91.349,91.399,91.448,91.497,91.544,91.590,91.636,91.680,91.724,91.767,91.809,91.850,91.890,91.930,91.968,92.006,92.043,92.080,92.116,92.151,92.185,92.219,92.252,92.284,92.316,92.347,92.377,92.407,92.436,92.465,92.493,92.520,92.547,92.574,92.600,92.625,92.650,92.674,92.698,92.721,92.744,92.767,92.789,92.811,92.832,92.853,92.873,92.893,92.912,92.932,92.950,92.969,92.987,93.004,93.022,93.039,93.055,93.072,93.088,93.103,93.119,93.134,93.148,93.163,93.177,93.191,93.205,93.218,93.231,93.244,93.256,93.269,93.281,93.293,93.304,93.316,93.327,93.338,93.348,93.359,93.369,93.379,93.389,93.399,93.408,93.417,93.427,93.435,93.444,93.453,93.461,93.469,93.477,93.485,93.493,93.501,93.508,93.515,93.523,93.530,93.537,93.543,93.550,93.556,93.563,93.569,93.575,93.581,93.587,93.593,93.598,93.604,93.609,93.614,93.620,93.625,93.630,93.635,93.639,93.644,93.649,93.653,93.657,93.662,93.666,93.670,93.674,93.678,93.682,93.686,93.690,93.693,93.697,93.701,93.704,93.708,93.711,93.714,93.717,93.720,93.724,93.727,93.729,93.732,93.735,93.738,93.741,93.743,93.746,93.749,93.751,93.754,93.756,93.758,93.761,93.763,93.765,93.767,93.770,93.772,93.774,
0.000,1.784,3.349,4.902,6.447,7.980,9.498,10.999,12.480,13.940,15.377,16.791,18.182,19.554,20.911,22.242,23.547,24.826,26.080,27.310,28.518,29.705,30.870,32.015,33.140,34.244,35.329,36.407,37.534,38.649,39.745,40.822,41.879,42.917,43.936,44.936,45.916,46.878,47.821,48.746,49.653,50.542,51.414,52.268,53.106,53.927,54.732,55.521,56.294,57.053,57.795,58.524,59.237,59.937,60.623,61.295,61.953,62.599,63.232,63.852,64.460,65.056,65.639,66.212,66.773,67.322,67.861,68.389,68.907,69.414,69.911,70.398,70.876,71.344,71.803,72.253,72.693,73.125,73.548,73.963,74.370,74.769,75.159,75.542,75.917,76.285,76.645,76.999,77.345,77.684,78.017,78.343,78.662,78.976,79.282,79.583,79.878,80.167,80.450,80.728,81.000,81.266,81.528,81.784,82.035,82.281,82.522,82.758,82.990,83.217,83.439,83.657,83.871,84.081,84.286,84.487,84.684,84.878,85.067,85.253,85.435,85.613,85.788,85.959,86.127,86.292,86.453,86.611,86.766,86.918,87.067,87.213,87.356,87.496,87.633,87.768,87.900,88.029,88.156,88.280,88.402,88.521,88.638,88.753,88.865,88.975,89.083,89.189,89.292,89.394,89.494,89.591,89.687,89.781,89.872,89.963,90.051,90.137,90.222,90.305,90.387,90.466,90.545,90.621,90.697,90.770,90.842,90.913,90.982,91.050,91.117,91.182,91.246,91.309,91.370,91.431,91.490,91.548,91.604,91.660,91.714,91.768,91.820,91.871,91.922,91.971,92.019,92.067,92.113,92.158,92.203,92.247,92.290,92.331,92.373,92.413,92.452,92.491,92.529,92.566,92.603,92.638,92.673,92.708,92.741,92.774,92.807,92.838,92.869,92.900,92.930,92.959,92.987,93.015,93.043,93.070,93.096,93.122,93.148,93.172,93.197,93.221,93.244,93.267,93.290,93.312,93.333,93.354,93.375,93.396,93.416,93.435,93.454,93.473,93.491,93.509,93.527,93.544,93.561,93.578,93.594,93.610,93.626,93.641,93.656,93.671,93.686,93.700,93.714,93.727,93.741,93.754,93.767,93.779,93.791,93.803,93.815,93.827,93.838,93.849,93.860,93.871,93.881,93.892,93.902,93.912,93.921,93.931,93.940,93.949,93.958,93.967,93.975,93.984,93.992,94.000,94.008,94.016,94.023,94.031,94.038,94.045,94.052,94.059,94.066,94.073,94.079,94.085,94.092,94.098,94.104,94.110,94.115,94.121,94.126,94.132,94.137,94.142,94.147,94.152,94.157,94.162,94.167,94.171,94.176,94.180,94.185,94.189,94.193,94.197,94.201,94.205,94.209,94.213,94.216,94.220,94.223,94.227,94.230,94.234,94.237,94.240,94.243,94.246,94.249,94.252,94.255,94.258,94.261,94.263,94.266,94.269,94.271,94.274,94.276,94.279,94.281,94.283,94.286,94.288,94.290,94.292,94.294,94.296,
0.000,0.752,2.217,3.745,5.279,6.807,8.321,9.817,11.295,12.752,14.187,15.599,16.987,18.352,19.705,21.034,22.338,23.617,24.871,26.100,27.308,28.502,29.677,30.832,31.966,33.079,34.173,35.246,36.343,37.447,38.535,39.605,40.659,41.696,42.715,43.715,44.695,45.657,46.600,47.525,48.432,49.321,50.193,51.047,51.885,52.706,53.511,54.300,55.073,55.831,56.574,57.302,58.016,58.716,59.401,60.073,60.732,61.378,62.010,62.631,63.238,63.834,64.418,64.990,65.551,66.101,66.640,67.168,67.685,68.193,68.690,69.177,69.655,70.123,70.581,71.031,71.472,71.904,72.327,72.742,73.149,73.547,73.938,74.321,74.696,75.064,75.424,75.777,76.124,76.463,76.795,77.121,77.441,77.754,78.061,78.362,78.657,78.946,79.229,79.506,79.778,80.045,80.306,80.562,80.813,81.059,81.301,81.537,81.768,81.995,82.218,82.436,82.650,82.859,83.065,83.266,83.463,83.656,83.846,84.031,84.213,84.392,84.567,84.738,84.906,85.070,85.232,85.390,85.545,85.697,85.845,85.991,86.134,86.274,86.412,86.546,86.678,86.808,86.934,87.059,87.180,87.300,87.417,87.531,87.644,87.754,87.862,87.967,88.071,88.173,88.272,88.370,88.465,88.559,88.651,88.741,88.829,88.916,89.001,89.084,89.165,89.245,89.323,89.400,89.475,89.549,89.621,89.692,89.761,89.829,89.896,89.961,90.025,90.088,90.149,90.209,90.268,90.326,90.383,90.438,90.493,90.546,90.599,90.650,90.700,90.750,90.798,90.845,90.892,90.937,90.982,91.025,91.068,91.110,91.151,91.191,91.231,91.270,91.308,91.345,91.381,91.417,91.452,91.486,91.520,91.553,91.585,91.617,91.648,91.678,91.708,91.737,91.766,91.794,91.822,91.848,91.875,91.901,91.926,91.951,91.975,91.999,92.023,92.046,92.068,92.090,92.112,92.133,92.154,92.174,92.194,92.214,92.233,92.252,92.270,92.288,92.306,92.323,92.340,92.357,92.373,92.389,92.405,92.420,92.435,92.450,92.464,92.478,92.492,92.506,92.519,92.532,92.545,92.558,92.570,92.582,92.594,92.605,92.617,92.628,92.639,92.650,92.660,92.670,92.680,92.690,92.700,92.709,92.719,92.728,92.737,92.745,92.754,92.762,92.771,92.779,92.787,92.794,92.802,92.809,92.817,92.824,92.831,92.838,92.845,92.851,92.858,92.864,92.870,92.876,92.882,92.888,92.894,92.899,92.905,92.910,92.916,92.921,92.926,92.931,92.936,92.941,92.945,92.950,92.954,92.959,92.963,92.967,92.971,92.976,92.980,92.983,92.987,92.991,92.995,92.998,93.002,93.005,93.009,93.012,93.015,93.019,93.022,93.025,93.028,93.031,93.034,93.037,93.039,93.042,93.045,93.047,93.050,93.052,93.055,93.057,93.060,93.062,93.064,93.066,93.069,93.071,93.073,93.075,
0.000,-1.040,0.267,1.739,3.222,4.702,6.211,7.703,9.178,10.632,12.065,13.476,14.864,16.229,17.585,18.925,20.240,21.530,22.795,24.036,25.254,26.452,27.637,28.800,29.942,31.064,32.165,33.246,34.316,35.411,36.492,37.556,38.603,39.638,40.656,41.655,42.636,43.597,44.540,45.465,46.372,47.261,48.132,48.987,49.824,50.645,51.450,52.239,53.012,53.770,54.513,55.241,55.955,56.655,57.340,58.012,58.671,59.317,59.949,60.570,61.177,61.773,62.357,62.929,63.490,64.040,64.579,65.107,65.624,66.132,66.629,67.116,67.594,68.062,68.520,68.970,69.411,69.843,70.266,70.681,71.088,71.486,71.877,72.260,72.635,73.003,73.363,73.716,74.063,74.402,74.734,75.060,75.380,75.693,76.000,76.301,76.596,76.885,77.168,77.445,77.717,77.984,78.245,78.501,78.752,78.998,79.240,79.476,79.707,79.934,80.157,80.375,80.589,80.798,81.004,81.205,81.402,81.595,81.785,81.970,82.152,82.331,82.506,82.677,82.845,83.009,83.171,83.329,83.484,83.636,83.784,83.930,84.073,84.213,84.351,84.485,84.617,84.747,84.873,84.998,85.119,85.239,85.356,85.470,85.583,85.693,85.801,85.906,86.010,86.112,86.211,86.309,86.404,86.498,86.590,86.680,86.768,86.855,86.940,87.023,87.104,87.184,87.262,87.339,87.414,87.488,87.560,87.631,87.700,87.768,87.835,87.900,87.964,88.027,88.088,88.148,88.207,88.265,88.322,88.377,88.432,88.485,88.538,88.589,88.639,88.689,88.737,88.784,88.831,88.876,88.921,88.964,89.007,89.049,89.090,89.130,89.170,89.209,89.247,89.284,89.320,89.356,89.391,89.425,89.459,89.492,89.524,89.556,89.587,89.617,89.647,89.676,89.705,89.733,89.760,89.787,89.814,89.840,89.865,89.890,89.914,89.938,89.962,89.985,90.007,90.029,90.051,90.072,90.093,90.113,90.133,90.153,90.172,90.191,90.209,90.227,90.245,90.262,90.279,90.296,90.312,90.328,90.344,90.359,90.374,90.389,90.403,90.417,90.431,90.445,90.458,90.471,90.484,90.497,90.509,90.521,90.533,90.544,90.556,90.567,90.578,90.589,90.599,90.609,90.619,90.629,90.639,90.648,90.658,90.667,90.676,90.684,90.693,90.701,90.710,90.718,90.726,90.733,90.741,90.748,90.756,90.763,90.770,90.777,90.784,90.790,90.797,90.803,90.809,90.815,90.821,90.827,90.833,90.838,90.844,90.849,90.855,90.860,90.865,90.870,90.875,90.880,90.884,90.889,90.893,90.898,90.902,90.906,90.910,90.915,90.919,90.922,90.926,90.930,90.934,90.937,90.941,90.944,90.948,90.951,90.954,90.958,90.961,90.964,90.967,90.970,90.973,90.975,90.978,90.981,90.984,90.986,90.989,90.991,90.994,90.996,90.999,91.001,91.003,91.005,91.008,91.010,91.012,91.014,
0.000,0.000,0.000,0.000,0.000,0.000,0.000,0.000,0.000,0.000,0.000,0.000,0.000,0.000,0.000,0.000,0.000,0.000,0.000,0.000,0.000,0.000,0.000,0.000,0.000,0.000,0.000,0.000,0.000,0.000,0.000,0.000,0.000,0.000,0.000,0.000,0.000,0.000,0.000,0.000,0.000,0.000,0.000,0.000,0.000,0.000,0.000,0.000,0.000,0.000,0.000,0.000,0.000,0.000,0.000,0.000,0.000,0.000,0.000,0.000,0.000,0.000,0.000,0.000,0.000,0.000,0.000,0.000,0.000,0.000,0.000,0.000,0.000,0.000,0.000,0.000,0.000,0.000,0.000,0.000,0.000,0.000,0.000,0.000,0.000,0.000,0.000,0.000,0.000,0.000,0.000,0.000,0.000,0.000,0.000,0.000,0.000,0.000,0.000,0.000,0.000,0.000,0.000,0.000,0.000,0.000,0.000,0.000,0.000,0.000,0.000,0.000,0.000,0.000,0.000,0.000,0.000,0.000,0.000,0.000,0.000,0.000,0.000,0.000,0.000,0.000,0.000,0.000,0.000,0.000,0.000,0.000,0.000,0.000,0.000,0.000,0.000,0.000,0.000,0.000,0.000,0.000,0.000,0.000,0.000,0.000,0.000,0.000,0.000,0.000,0.000,0.000,0.000,0.000,0.000,0.000,0.000,0.000,0.000,0.000,0.000,0.000,0.000,0.000,0.000,0.000,0.000,0.000,0.000,0.000,0.000,0.000,0.000,0.000,0.000,0.000,0.000,0.000,0.000,0.000,0.000,0.000,0.000,0.000,0.000,0.000,0.000,0.000,0.000,0.000,0.000,0.000,0.000,0.000,0.000,0.000,0.000,0.000,0.000,0.000,0.000,0.000,0.000,0.000,0.000,0.000,0.000,0.000,0.000,0.000,0.000,0.000,0.000,0.000,0.000,0.000,0.000,0.000,0.000,0.000,0.000,0.000,0.000,0.000,0.000,0.000,0.000,0.000,0.000,0.000,0.000,0.000,0.000,0.000,0.000,0.000,0.000,0.000,0.000,0.000,0.000,0.000,0.000,0.000,0.000,0.000,0.000,0.000,0.000,0.000,0.000,0.000,0.000,0.000,0.000,0.000,0.000,0.000,0.000,0.000,0.000,0.000,0.000,0.000,0.000,0.000,0.000,0.000,0.000,0.000,0.000,0.000,0.000,0.000,0.000,0.000,0.000,0.000,0.000,0.000,0.000,0.000,0.000,0.000,0.000,0.000,0.000,0.000,0.000,0.000,0.000,0.000,0.000,0.000,0.000,0.000,0.000,0.000,0.000,0.000,0.000,0.000,0.000,0.000,0.000,0.000,0.000,0.000,0.000,0.000,0.000,0.000,0.000,0.000,0.000,0.000,0.000,0.000,0.000,0.000,0.000,0.000,0.000,0.000,0.000,0.000,0.000,0.000,0.000,0.000,0.000,0.000,0.000,0.000,0.000,0.000,0.000,0.000,0.000,0.000,0.000,0.000,0.000,0.000,
0.000,-0.080,-0.158,0.655,1.974,3.386,4.793,6.178,7.537,8.875,10.195,11.497,12.782,14.050,15.302,16.537,17.755,18.956,20.141,21.310,22.480,23.791,25.095,26.374,27.627,28.856,30.060,31.240,32.396,33.530,34.641,35.730,36.797,37.843,38.868,39.873,40.857,41.822,42.768,43.695,44.604,45.495,46.368,47.223,48.061,48.883,49.689,50.478,51.252,52.010,52.753,53.482,54.195,54.895,55.581,56.253,56.912,57.558,58.190,58.811,59.418,60.014,60.598,61.170,61.731,62.281,62.820,63.348,63.865,64.373,64.870,65.357,65.835,66.303,66.762,67.211,67.652,68.084,68.507,68.922,69.329,69.727,70.118,70.501,70.876,71.244,71.604,71.957,72.304,72.643,72.976,73.302,73.621,73.934,74.241,74.542,74.837,75.126,75.409,75.686,75.958,76.225,76.486,76.742,76.994,77.240,77.481,77.717,77.949,78.176,78.398,78.616,78.830,79.039,79.245,79.446,79.643,79.836,80.026,80.212,80.394,80.572,80.747,80.918,81.086,81.251,81.412,81.570,81.725,81.877,82.026,82.172,82.314,82.455,82.592,82.727,82.859,82.988,83.115,83.239,83.361,83.480,83.597,83.711,83.824,83.934,84.042,84.147,84.251,84.353,84.452,84.550,84.646,84.739,84.831,84.921,85.009,85.096,85.181,85.264,85.345,85.425,85.503,85.580,85.655,85.729,85.801,85.872,85.941,86.009,86.076,86.141,86.205,86.268,86.329,86.389,86.448,86.506,86.563,86.619,86.673,86.727,86.779,86.830,86.880,86.930,86.978,87.025,87.072,87.117,87.162,87.205,87.248,87.290,87.331,87.372,87.411,87.450,87.488,87.525,87.561,87.597,87.632,87.666,87.700,87.733,87.765,87.797,87.828,87.858,87.888,87.917,87.946,87.974,88.002,88.029,88.055,88.081,88.106,88.131,88.156,88.179,88.203,88.226,88.248,88.270,88.292,88.313,88.334,88.354,88.374,88.394,88.413,88.432,88.450,88.468,88.486,88.503,88.520,88.537,88.553,88.569,88.585,88.600,88.615,88.630,88.644,88.659,88.672,88.686,88.699,88.712,88.725,88.738,88.750,88.762,88.774,88.786,88.797,88.808,88.819,88.830,88.840,88.850,88.861,88.870,88.880,88.890,88.899,88.908,88.917,88.926,88.934,88.943,88.951,88.959,88.967,88.975,88.982,88.990,88.997,89.004,89.011,89.018,89.025,89.031,89.038,89.044,89.050,89.056,89.062,89.068,89.074,89.080,89.085,89.090,89.096,89.101,89.106,89.111,89.116,89.121,89.125,89.130,89.134,89.139,89.143,89.147,89.152,89.156,89.160,89.164,89.167,89.171,89.175,89.179,89.182,89.186,89.189,89.192,89.196,89.199,89.202,89.205,89.208,89.211,89.214,89.217,89.219,89.222,89.225,89.227,89.230,89.233,89.235,89.237,89.240,89.242,89.244,89.247,89.249,89.251,89.253,89.255,
0.000,0.744,2.459,4.150,5.807,7.431,9.023,10.583,12.112,13.610,15.079,16.519,17.930,19.312,20.668,21.996,23.298,24.574,25.825,27.050,28.252,29.429,30.583,31.714,32.823,33.909,34.974,36.017,37.040,38.043,39.025,39.988,40.932,41.857,42.764,43.653,44.524,45.377,46.214,47.048,47.940,48.824,49.691,50.542,51.376,52.195,52.998,53.785,54.557,55.314,56.056,56.784,57.497,58.196,58.881,59.553,60.211,60.857,61.489,62.109,62.717,63.313,63.897,64.469,65.030,65.579,66.118,66.646,67.164,67.671,68.168,68.655,69.133,69.601,70.060,70.509,70.950,71.382,71.805,72.220,72.627,73.025,73.416,73.799,74.174,74.542,74.902,75.256,75.602,75.941,76.274,76.600,76.919,77.232,77.539,77.840,78.135,78.424,78.707,78.985,79.257,79.523,79.785,80.041,80.292,80.538,80.779,81.015,81.247,81.474,81.696,81.914,82.128,82.338,82.543,82.744,82.941,83.135,83.324,83.510,83.692,83.870,84.045,84.216,84.384,84.549,84.710,84.868,85.023,85.175,85.324,85.470,85.613,85.753,85.890,86.025,86.157,86.286,86.413,86.537,86.659,86.778,86.895,87.010,87.122,87.232,87.340,87.446,87.549,87.651,87.751,87.848,87.944,88.038,88.129,88.219,88.308,88.394,88.479,88.562,88.644,88.723,88.802,88.878,88.953,89.027,89.099,89.170,89.239,89.307,89.374,89.439,89.503,89.566,89.627,89.688,89.747,89.805,89.861,89.917,89.971,90.025,90.077,90.128,90.179,90.228,90.276,90.324,90.370,90.415,90.460,90.504,90.546,90.588,90.629,90.670,90.709,90.748,90.786,90.823,90.860,90.895,90.930,90.965,90.998,91.031,91.064,91.095,91.126,91.157,91.186,91.216,91.244,91.272,91.300,91.327,91.353,91.379,91.405,91.429,91.454,91.478,91.501,91.524,91.547,91.569,91.590,91.611,91.632,91.652,91.672,91.692,91.711,91.730,91.748,91.766,91.784,91.801,91.818,91.835,91.851,91.867,91.883,91.898,91.913,91.928,91.943,91.957,91.971,91.984,91.998,92.011,92.023,92.036,92.048,92.060,92.072,92.084,92.095,92.106,92.117,92.128,92.138,92.149,92.159,92.169,92.178,92.188,92.197,92.206,92.215,92.224,92.232,92.241,92.249,92.257,92.265,92.273,92.280,92.288,92.295,92.302,92.309,92.316,92.323,92.329,92.336,92.342,92.349,92.355,92.361,92.366,92.372,92.378,92.383,92.389,92.394,92.399,92.404,92.409,92.414,92.419,92.424,92.428,92.433,92.437,92.441,92.446,92.450,92.454,92.458,92.462,92.466,92.469,92.473,92.477,92.480,92.484,92.487,92.490,92.494,92.497,92.500,92.503,92.506,92.509,92.512,92.515,92.518,92.520,92.523,92.526,92.528,92.531,92.533,92.536,92.538,92.540,92.543,92.545,92.547,92.549,92.551,92.553,
0.000,0.000,0.000,0.000,0.000,0.000,0.000,0.000,0.000,0.000,0.000,0.000,0.000,0.000,0.000,0.000,0.000,0.000,0.000,0.000,0.000,0.000,0.000,0.000,0.000,0.000,0.000,0.000,0.000,0.000,0.000,0.000,0.000,0.000,0.000,0.000,0.000,0.000,0.000,0.000,0.000,0.000,0.000,0.000,0.000,0.000,0.000,0.000,0.000,0.000,0.000,0.000,0.000,0.000,0.000,0.000,0.000,0.000,0.000,0.000,0.000,0.000,0.000,0.000,0.000,0.000,0.000,0.000,0.000,0.000,0.000,0.000,0.000,0.000,0.000,0.000,0.000,0.000,0.000,0.000,0.000,0.000,0.000,0.000,0.000,0.000,0.000,0.000,0.000,0.000,0.000,0.000,0.000,0.000,0.000,0.000,0.000,0.000,0.000,0.000,0.000,0.000,0.000,0.000,0.000,0.000,0.000,0.000,0.000,0.000,0.000,0.000,0.000,0.000,0.000,0.000,0.000,0.000,0.000,0.000,0.000,0.000,0.000,0.000,0.000,0.000,0.000,0.000,0.000,0.000,0.000,0.000,0.000,0.000,0.000,0.000,0.000,0.000,0.000,0.000,0.000,0.000,0.000,0.000,0.000,0.000,0.000,0.000,0.000,0.000,0.000,0.000,0.000,0.000,0.000,0.000,0.000,0.000,0.000,0.000,0.000,0.000,0.000,0.000,0.000,0.000,0.000,0.000,0.000,0.000,0.000,0.000,0.000,0.000,0.000,0.000,0.000,0.000,0.000,0.000,0.000,0.000,0.000,0.000,0.000,0.000,0.000,0.000,0.000,0.000,0.000,0.000,0.000,0.000,0.000,0.000,0.000,0.000,0.000,0.000,0.000,0.000,0.000,0.000,0.000,0.000,0.000,0.000,0.000,0.000,0.000,0.000,0.000,0.000,0.000,0.000,0.000,0.000,0.000,0.000,0.000,0.000,0.000,0.000,0.000,0.000,0.000,0.000,0.000,0.000,0.000,0.000,0.000,0.000,0.000,0.000,0.000,0.000,0.000,0.000,0.000,0.000,0.000,0.000,0.000,0.000,0.000,0.000,0.000,0.000,0.000,0.000,0.000,0.000,0.000,0.000,0.000,0.000,0.000,0.000,0.000,0.000,0.000,0.000,0.000,0.000,0.000,0.000,0.000,0.000,0.000,0.000,0.000,0.000,0.000,0.000,0.000,0.000,0.000,0.000,0.000,0.000,0.000,0.000,0.000,0.000,0.000,0.000,0.000,0.000,0.000,0.000,0.000,0.000,0.000,0.000,0.000,0.000,0.000,0.000,0.000,0.000,0.000,0.000,0.000,0.000,0.000,0.000,0.000,0.000,0.000,0.000,0.000,0.000,0.000,0.000,0.000,0.000,0.000,0.000,0.000,0.000,0.000,0.000,0.000,0.000,0.000,0.000,0.000,0.000,0.000,0.000,0.000,0.000,0.000,0.000,0.000,0.000,0.000,0.000,0.000,0.000,0.000,0.000,
0.000,1.784,3.341,4.858,6.346,7.810,9.253,10.681,12.095,13.493,14.874,16.238,17.584,18.910,20.218,21.508,22.778,24.029,25.260,26.469,27.658,28.827,29.976,31.107,32.219,33.312,34.387,35.443,36.481,37.511,38.532,39.553,40.597,41.630,42.647,43.645,44.625,45.586,46.529,47.454,48.360,49.249,50.120,50.974,51.812,52.633,53.437,54.226,55.000,55.758,56.500,57.229,57.942,58.642,59.327,60.000,60.658,61.304,61.937,62.557,63.164,63.760,64.344,64.916,65.477,66.027,66.566,67.094,67.611,68.119,68.616,69.103,69.581,70.049,70.508,70.957,71.398,71.830,72.253,72.668,73.075,73.473,73.864,74.247,74.622,74.990,75.350,75.703,76.050,76.389,76.722,77.048,77.367,77.680,77.987,78.288,78.583,78.872,79.155,79.432,79.704,79.971,80.232,80.488,80.739,80.985,81.227,81.463,81.695,81.922,82.144,82.362,82.576,82.785,82.991,83.192,83.389,83.582,83.772,83.958,84.140,84.318,84.493,84.664,84.832,84.997,85.158,85.316,85.471,85.623,85.772,85.917,86.060,86.201,86.338,86.473,86.604,86.734,86.861,86.985,87.106,87.226,87.343,87.457,87.570,87.680,87.788,87.893,87.997,88.099,88.198,88.296,88.392,88.485,88.577,88.667,88.755,88.842,88.927,89.010,89.091,89.171,89.249,89.326,89.401,89.475,89.547,89.618,89.687,89.755,89.822,89.887,89.951,90.014,90.075,90.135,90.194,90.252,90.309,90.365,90.419,90.472,90.525,90.576,90.626,90.676,90.724,90.771,90.818,90.863,90.908,90.951,90.994,91.036,91.077,91.118,91.157,91.196,91.234,91.271,91.307,91.343,91.378,91.412,91.446,91.479,91.511,91.543,91.574,91.604,91.634,91.663,91.692,91.720,91.748,91.775,91.801,91.827,91.852,91.877,91.902,91.925,91.949,91.972,91.994,92.016,92.038,92.059,92.080,92.100,92.120,92.140,92.159,92.178,92.196,92.214,92.232,92.249,92.266,92.283,92.299,92.315,92.331,92.346,92.361,92.376,92.390,92.404,92.418,92.432,92.445,92.458,92.471,92.484,92.496,92.508,92.520,92.532,92.543,92.554,92.565,92.576,92.586,92.596,92.606,92.616,92.626,92.636,92.645,92.654,92.663,92.672,92.680,92.689,92.697,92.705,92.713,92.721,92.728,92.736,92.743,92.750,92.757,92.764,92.771,92.777,92.784,92.790,92.796,92.802,92.808,92.814,92.820,92.826,92.831,92.836,92.842,92.847,92.852,92.857,92.862,92.867,92.871,92.876,92.880,92.885,92.889,92.893,92.898,92.902,92.906,92.910,92.913,92.917,92.921,92.924,92.928,92.931,92.935,92.938,92.941,92.945,92.948,92.951,92.954,92.957,92.960,92.963,92.965,92.968,92.971,92.973,92.976,92.978,92.981,92.983,92.986,92.988,92.990,92.993,92.995,92.997,92.999,93.001,
0.000,0.752,2.216,3.713,5.195,6.653,8.094,9.518,10.927,12.320,13.696,15.055,16.396,17.718,19.022,20.308,21.576,22.825,24.053,25.261,26.448,27.614,28.762,29.892,31.003,32.095,33.168,34.223,35.260,36.285,37.304,38.313,39.336,40.362,41.376,42.372,43.350,44.310,45.251,46.174,47.079,47.967,48.837,49.690,50.527,51.347,52.152,52.940,53.713,54.471,55.213,55.941,56.655,57.354,58.040,58.712,59.370,60.016,60.649,61.269,61.877,62.472,63.056,63.628,64.189,64.739,65.278,65.806,66.323,66.831,67.328,67.815,68.293,68.761,69.220,69.669,70.110,70.542,70.965,71.380,71.787,72.185,72.576,72.959,73.334,73.702,74.062,74.415,74.762,75.101,75.434,75.760,76.079,76.392,76.699,77.000,77.295,77.584,77.867,78.144,78.416,78.683,78.944,79.200,79.452,79.698,79.939,80.175,80.407,80.634,80.856,81.074,81.288,81.497,81.703,81.904,82.101,82.294,82.484,82.670,82.852,83.030,83.205,83.376,83.544,83.709,83.870,84.028,84.183,84.335,84.484,84.630,84.772,84.913,85.050,85.185,85.317,85.446,85.573,85.697,85.819,85.938,86.055,86.169,86.282,86.392,86.500,86.605,86.709,86.811,86.910,87.008,87.104,87.197,87.289,87.379,87.467,87.554,87.639,87.722,87.803,87.883,87.961,88.038,88.113,88.187,88.259,88.330,88.399,88.467,88.534,88.599,88.663,88.726,88.787,88.847,88.906,88.964,89.021,89.077,89.131,89.184,89.237,89.288,89.338,89.388,89.436,89.483,89.530,89.575,89.620,89.663,89.706,89.748,89.789,89.830,89.869,89.908,89.946,89.983,90.019,90.055,90.090,90.124,90.158,90.191,90.223,90.255,90.286,90.316,90.346,90.375,90.404,90.432,90.460,90.487,90.513,90.539,90.564,90.589,90.614,90.637,90.661,90.684,90.706,90.728,90.750,90.771,90.792,90.812,90.832,90.852,90.871,90.890,90.908,90.926,90.944,90.961,90.978,90.995,91.011,91.027,91.043,91.058,91.073,91.088,91.102,91.117,91.130,91.144,91.157,91.170,91.183,91.196,91.208,91.220,91.232,91.244,91.255,91.266,91.277,91.288,91.298,91.308,91.319,91.328,91.338,91.348,91.357,91.366,91.375,91.384,91.392,91.401,91.409,91.417,91.425,91.433,91.440,91.448,91.455,91.462,91.469,91.476,91.483,91.489,91.496,91.502,91.508,91.514,91.520,91.526,91.532,91.538,91.543,91.548,91.554,91.559,91.564,91.569,91.574,91.579,91.583,91.588,91.592,91.597,91.601,91.605,91.610,91.614,91.618,91.622,91.625,91.629,91.633,91.637,91.640,91.644,91.647,91.650,91.654,91.657,91.660,91.663,91.666,91.669,91.672,91.675,91.677,91.680,91.683,91.685,91.688,91.691,91.693,91.695,91.698,91.700,91.702,91.705,91.707,91.709,91.711,91.713,
0.000,-1.040,0.236,1.722,3.199,4.653,6.084,7.497,8.895,10.276,11.642,12.990,14.322,15.635,16.929,18.206,19.466,20.707,21.929,23.131,24.313,25.475,26.617,27.741,28.847,29.935,31.004,32.055,33.088,34.105,35.113,36.112,37.110,38.121,39.128,40.122,41.098,42.056,42.995,43.917,44.821,45.708,46.577,47.429,48.265,49.084,49.888,50.676,51.449,52.206,52.948,53.676,54.390,55.089,55.774,56.446,57.105,57.750,58.383,59.003,59.611,60.206,60.790,61.363,61.923,62.473,63.012,63.540,64.058,64.565,65.062,65.549,66.027,66.495,66.954,67.403,67.844,68.276,68.699,69.114,69.521,69.919,70.310,70.693,71.068,71.436,71.796,72.149,72.496,72.835,73.168,73.494,73.813,74.126,74.433,74.734,75.029,75.318,75.601,75.878,76.150,76.417,76.678,76.934,77.186,77.432,77.673,77.909,78.141,78.368,78.590,78.808,79.022,79.231,79.437,79.638,79.835,80.028,80.218,80.404,80.586,80.764,80.939,81.110,81.278,81.443,81.604,81.762,81.917,82.069,82.218,82.364,82.506,82.647,82.784,82.919,83.051,83.180,83.307,83.431,83.553,83.672,83.789,83.903,84.016,84.126,84.234,84.339,84.443,84.545,84.644,84.742,84.838,84.931,85.023,85.113,85.202,85.288,85.373,85.456,85.537,85.617,85.695,85.772,85.847,85.921,85.993,86.064,86.133,86.201,86.268,86.333,86.397,86.460,86.521,86.581,86.640,86.698,86.755,86.811,86.865,86.919,86.971,87.022,87.072,87.122,87.170,87.217,87.264,87.309,87.354,87.397,87.440,87.482,87.523,87.564,87.603,87.642,87.680,87.717,87.753,87.789,87.824,87.858,87.892,87.925,87.957,87.989,88.020,88.050,88.080,88.109,88.138,88.166,88.194,88.221,88.247,88.273,88.298,88.323,88.348,88.371,88.395,88.418,88.440,88.462,88.484,88.505,88.526,88.546,88.566,88.586,88.605,88.624,88.642,88.660,88.678,88.695,88.712,88.729,88.745,88.761,88.777,88.792,88.807,88.822,88.836,88.851,88.864,88.878,88.891,88.904,88.917,88.930,88.942,88.954,88.966,88.978,88.989,89.000,89.011,89.022,89.032,89.042,89.053,89.062,89.072,89.082,89.091,89.100,89.109,89.118,89.126,89.135,89.143,89.151,89.159,89.167,89.174,89.182,89.189,89.196,89.203,89.210,89.217,89.223,89.230,89.236,89.242,89.248,89.254,89.260,89.266,89.272,89.277,89.282,89.288,89.293,89.298,89.303,89.308,89.313,89.317,89.322,89.326,89.331,89.335,89.339,89.344,89.348,89.352,89.356,89.359,89.363,89.367,89.371,89.374,89.378,89.381,89.384,89.388,89.391,89.394,89.397,89.400,89.403,89.406,89.409,89.411,89.414,89.417,89.419,89.422,89.425,89.427,89.429,89.432,89.434,89.436,89.439,89.441,89.443,89.445,89.447,
0.000,-0.080,0.270,1.517,2.939,4.371,5.782,7.168,8.531,9.874,11.199,12.506,13.797,15.071,16.328,17.568,18.791,19.997,21.186,22.359,23.513,24.651,25.770,26.872,27.956,29.023,30.072,31.104,32.135,33.159,34.169,35.170,36.161,37.159,38.159,39.150,40.125,41.082,42.021,42.942,43.846,44.732,45.601,46.452,47.288,48.107,48.910,49.698,50.470,51.227,51.970,52.697,53.411,54.110,54.795,55.467,56.126,56.771,57.404,58.024,58.632,59.227,59.811,60.383,60.944,61.494,62.033,62.561,63.078,63.585,64.083,64.570,65.047,65.516,65.974,66.424,66.865,67.297,67.720,68.135,68.541,68.940,69.331,69.713,70.089,70.456,70.817,71.170,71.516,71.856,72.188,72.514,72.834,73.147,73.454,73.755,74.049,74.338,74.622,74.899,75.171,75.438,75.699,75.955,76.206,76.452,76.693,76.930,77.161,77.388,77.611,77.829,78.043,78.252,78.457,78.659,78.856,79.049,79.239,79.424,79.606,79.785,79.959,80.131,80.299,80.463,80.625,80.783,80.938,81.089,81.238,81.384,81.527,81.667,81.805,81.939,82.071,82.201,82.327,82.451,82.573,82.693,82.809,82.924,83.036,83.147,83.254,83.360,83.464,83.565,83.665,83.763,83.858,83.952,84.044,84.134,84.222,84.309,84.393,84.477,84.558,84.638,84.716,84.793,84.868,84.942,85.014,85.084,85.154,85.222,85.288,85.354,85.418,85.480,85.542,85.602,85.661,85.719,85.776,85.831,85.886,85.939,85.992,86.043,86.093,86.142,86.191,86.238,86.284,86.330,86.374,86.418,86.461,86.503,86.544,86.584,86.624,86.662,86.700,86.738,86.774,86.810,86.845,86.879,86.913,86.946,86.978,87.010,87.041,87.071,87.101,87.130,87.159,87.187,87.214,87.241,87.268,87.294,87.319,87.344,87.368,87.392,87.416,87.439,87.461,87.483,87.505,87.526,87.547,87.567,87.587,87.606,87.626,87.644,87.663,87.681,87.699,87.716,87.733,87.749,87.766,87.782,87.797,87.813,87.828,87.843,87.857,87.871,87.885,87.899,87.912,87.925,87.938,87.951,87.963,87.975,87.987,87.998,88.010,88.021,88.032,88.042,88.053,88.063,88.073,88.083,88.093,88.102,88.112,88.121,88.130,88.138,88.147,88.155,88.164,88.172,88.179,88.187,88.195,88.202,88.210,88.217,88.224,88.231,88.237,88.244,88.250,88.257,88.263,88.269,88.275,88.281,88.287,88.292,88.298,88.303,88.308,88.314,88.319,88.324,88.329,88.333,88.338,88.343,88.347,88.352,88.356,88.360,88.364,88.368,88.372,88.376,88.380,88.384,88.388,88.391,88.395,88.398,88.402,88.405,88.408,88.411,88.415,88.418,88.421,88.424,88.426,88.429,88.432,88.435,88.438,88.440,88.443,88.445,88.448,88.450,88.452,88.455,88.457,88.459,88.461,88.464,88.466,88.468,
0.000,1.887,3.613,5.304,6.961,8.585,10.177,11.737,13.266,14.765,16.233,17.673,19.084,20.467,21.822,23.150,24.452,25.728,26.979,28.205,29.406,30.583,31.737,32.868,33.977,35.063,36.128,37.172,38.195,39.197,40.180,41.143,42.087,43.012,43.918,44.807,45.678,46.532,47.368,48.188,48.999,49.809,50.617,51.419,52.215,53.003,53.780,54.547,55.302,56.046,56.777,57.495,58.201,58.895,59.575,60.243,60.899,61.541,62.172,62.790,63.397,63.991,64.574,65.146,65.706,66.255,66.794,67.321,67.839,68.346,68.843,69.330,69.807,70.275,70.734,71.184,71.624,72.056,72.479,72.894,73.301,73.699,74.090,74.473,74.848,75.216,75.576,75.930,76.276,76.615,76.948,77.274,77.593,77.906,78.213,78.514,78.809,79.098,79.381,79.659,79.931,80.197,80.458,80.715,80.966,81.212,81.453,81.689,81.921,82.148,82.370,82.588,82.802,83.011,83.217,83.418,83.615,83.809,83.998,84.184,84.366,84.544,84.719,84.890,85.058,85.223,85.384,85.542,85.697,85.849,85.998,86.144,86.287,86.427,86.564,86.699,86.831,86.960,87.087,87.211,87.333,87.452,87.569,87.683,87.796,87.906,88.014,88.120,88.223,88.325,88.424,88.522,88.618,88.711,88.803,88.893,88.982,89.068,89.153,89.236,89.317,89.397,89.475,89.552,89.627,89.701,89.773,89.844,89.913,89.981,90.048,90.113,90.177,90.240,90.301,90.361,90.421,90.478,90.535,90.591,90.645,90.699,90.751,90.802,90.852,90.902,90.950,90.997,91.044,91.089,91.134,91.177,91.220,91.262,91.303,91.344,91.383,91.422,91.460,91.497,91.533,91.569,91.604,91.638,91.672,91.705,91.737,91.769,91.800,91.831,91.860,91.890,91.918,91.946,91.974,92.001,92.027,92.053,92.078,92.103,92.128,92.152,92.175,92.198,92.220,92.242,92.264,92.285,92.306,92.326,92.346,92.366,92.385,92.404,92.422,92.440,92.458,92.475,92.492,92.509,92.525,92.541,92.557,92.572,92.587,92.602,92.616,92.631,92.645,92.658,92.671,92.685,92.697,92.710,92.722,92.734,92.746,92.758,92.769,92.780,92.791,92.802,92.812,92.823,92.833,92.842,92.852,92.862,92.871,92.880,92.889,92.898,92.906,92.915,92.923,92.931,92.939,92.947,92.954,92.962,92.969,92.976,92.983,92.990,92.997,93.003,93.010,93.016,93.022,93.028,93.034,93.040,93.046,93.052,93.057,93.063,93.068,93.073,93.078,93.083,93.088,93.093,93.097,93.102,93.107,93.111,93.115,93.120,93.124,93.128,93.132,93.136,93.140,93.143,93.147,93.151,93.154,93.158,93.161,93.164,93.168,93.171,93.174,93.177,93.180,93.183,93.186,93.189,93.192,93.194,93.197,93.200,93.202,93.205,93.207,93.209,93.212,93.214,93.216,93.219,93.221,93.223,93.225,93.227,
0.000,-0.406,1.264,2.953,4.610,6.234,7.826,9.386,10.915,12.413,13.882,15.322,16.733,18.115,19.471,20.799,22.101,23.377,24.628,25.853,27.055,28.232,29.386,30.517,31.626,32.712,33.777,34.820,35.843,36.846,37.828,38.791,39.735,40.660,41.567,42.456,43.327,44.180,45.017,45.837,46.642,47.442,48.242,49.038,49.828,50.611,51.385,52.149,52.902,53.643,54.373,55.090,55.795,56.488,57.168,57.835,58.490,59.132,59.763,60.381,60.987,61.581,62.164,62.736,63.296,63.845,64.383,64.911,65.428,65.935,66.432,66.919,67.397,67.865,68.323,68.773,69.214,69.646,70.069,70.484,70.890,71.289,71.679,72.062,72.438,72.805,73.166,73.519,73.865,74.205,74.537,74.863,75.183,75.496,75.803,76.103,76.398,76.687,76.970,77.248,77.520,77.787,78.048,78.304,78.555,78.801,79.042,79.278,79.510,79.737,79.960,80.178,80.391,80.601,80.806,81.007,81.205,81.398,81.587,81.773,81.955,82.133,82.308,82.480,82.647,82.812,82.973,83.131,83.286,83.438,83.587,83.733,83.876,84.016,84.153,84.288,84.420,84.549,84.676,84.800,84.922,85.041,85.158,85.273,85.385,85.495,85.603,85.709,85.813,85.914,86.014,86.111,86.207,86.301,86.393,86.483,86.571,86.658,86.742,86.825,86.907,86.987,87.065,87.142,87.217,87.290,87.363,87.433,87.503,87.571,87.637,87.703,87.766,87.829,87.891,87.951,88.010,88.068,88.125,88.180,88.235,88.288,88.340,88.392,88.442,88.491,88.539,88.587,88.633,88.679,88.723,88.767,88.810,88.852,88.893,88.933,88.973,89.011,89.049,89.086,89.123,89.159,89.194,89.228,89.262,89.295,89.327,89.358,89.390,89.420,89.450,89.479,89.508,89.536,89.563,89.590,89.617,89.642,89.668,89.693,89.717,89.741,89.764,89.787,89.810,89.832,89.854,89.875,89.895,89.916,89.936,89.955,89.974,89.993,90.012,90.030,90.047,90.065,90.082,90.098,90.115,90.131,90.146,90.162,90.177,90.191,90.206,90.220,90.234,90.248,90.261,90.274,90.287,90.299,90.312,90.324,90.336,90.347,90.358,90.370,90.381,90.391,90.402,90.412,90.422,90.432,90.442,90.451,90.460,90.469,90.478,90.487,90.496,90.504,90.512,90.520,90.528,90.536,90.544,90.551,90.558,90.566,90.573,90.579,90.586,90.593,90.599,90.606,90.612,90.618,90.624,90.630,90.635,90.641,90.647,90.652,90.657,90.662,90.668,90.673,90.677,90.682,90.687,90.691,90.696,90.700,90.705,90.709,90.713,90.717,90.721,90.725,90.729,90.733,90.736,90.740,90.744,90.747,90.750,90.754,90.757,90.760,90.763,90.766,90.769,90.772,90.775,90.778,90.781,90.784,90.786,90.789,90.792,90.794,90.796,90.799,90.801,90.804,90.806,90.808,90.810,90.812,90.815,90.817,
0.000,0.847,2.405,3.907,5.376,6.816,8.250,9.681,11.096,12.494,13.874,15.237,16.580,17.904,19.209,20.495,21.761,23.008,24.235,25.441,26.627,27.792,28.937,30.063,31.171,32.260,33.330,34.381,35.414,36.432,37.441,38.440,39.454,40.469,41.471,42.457,43.424,44.373,45.303,46.216,47.111,47.989,48.851,49.698,50.530,51.346,52.147,52.932,53.703,54.459,55.200,55.927,56.639,57.338,58.023,58.695,59.353,59.998,60.630,61.250,61.858,62.453,63.037,63.609,64.170,64.720,65.259,65.787,66.304,66.811,67.308,67.796,68.273,68.741,69.200,69.650,70.090,70.522,70.946,71.361,71.767,72.166,72.556,72.939,73.314,73.682,74.043,74.396,74.742,75.081,75.414,75.740,76.060,76.373,76.680,76.980,77.275,77.564,77.847,78.125,78.397,78.664,78.925,79.181,79.432,79.678,79.919,80.155,80.387,80.614,80.837,81.055,81.268,81.478,81.683,81.884,82.082,82.275,82.464,82.650,82.832,83.010,83.185,83.357,83.524,83.689,83.850,84.008,84.163,84.315,84.464,84.610,84.753,84.893,85.030,85.165,85.297,85.426,85.553,85.677,85.799,85.918,86.035,86.150,86.262,86.372,86.480,86.586,86.690,86.791,86.891,86.988,87.084,87.178,87.270,87.360,87.448,87.534,87.619,87.702,87.784,87.864,87.942,88.019,88.094,88.167,88.240,88.310,88.380,88.448,88.514,88.579,88.643,88.706,88.768,88.828,88.887,88.945,89.001,89.057,89.112,89.165,89.217,89.269,89.319,89.368,89.416,89.464,89.510,89.556,89.600,89.644,89.687,89.729,89.770,89.810,89.850,89.888,89.926,89.963,90.000,90.036,90.071,90.105,90.138,90.171,90.204,90.235,90.266,90.297,90.327,90.356,90.385,90.413,90.440,90.467,90.493,90.519,90.545,90.570,90.594,90.618,90.641,90.664,90.687,90.709,90.730,90.752,90.772,90.793,90.813,90.832,90.851,90.870,90.889,90.907,90.924,90.942,90.959,90.975,90.992,91.008,91.023,91.039,91.054,91.068,91.083,91.097,91.111,91.124,91.138,91.151,91.164,91.176,91.189,91.201,91.212,91.224,91.235,91.247,91.257,91.268,91.279,91.289,91.299,91.309,91.319,91.328,91.337,91.346,91.355,91.364,91.373,91.381,91.389,91.397,91.405,91.413,91.421,91.428,91.435,91.443,91.450,91.456,91.463,91.470,91.476,91.483,91.489,91.495,91.501,91.507,91.512,91.518,91.524,91.529,91.534,91.539,91.545,91.549,91.554,91.559,91.564,91.568,91.573,91.577,91.582,91.586,91.590,91.594,91.598,91.602,91.606,91.610,91.613,91.617,91.621,91.624,91.627,91.631,91.634,91.637,91.640,91.643,91.646,91.649,91.652,91.655,91.658,91.661,91.663,91.666,91.668,91.671,91.673,91.676,91.678,91.681,91.683,91.685,91.687,91.689,91.691,91.694,
0.000,1.784,3.322,4.820,6.286,7.725,9.135,10.524,11.893,13.244,14.577,15.892,17.191,18.472,19.735,20.981,22.210,23.422,24.616,25.793,26.952,28.093,29.215,30.320,31.407,32.476,33.528,34.562,35.579,36.579,37.568,38.561,39.554,40.561,41.561,42.546,43.514,44.464,45.395,46.309,47.205,48.083,48.945,49.792,50.623,51.439,52.240,53.026,53.796,54.552,55.293,56.020,56.733,57.431,58.116,58.788,59.446,60.091,60.724,61.343,61.951,62.547,63.130,63.703,64.263,64.813,65.352,65.880,66.397,66.905,67.402,67.889,68.367,68.835,69.293,69.743,70.184,70.616,71.039,71.454,71.860,72.259,72.650,73.032,73.408,73.775,74.136,74.489,74.835,75.175,75.507,75.833,76.153,76.466,76.773,77.074,77.368,77.657,77.941,78.218,78.490,78.757,79.018,79.274,79.525,79.771,80.012,80.249,80.480,80.707,80.930,81.148,81.362,81.571,81.776,81.978,82.175,82.368,82.558,82.743,82.925,83.104,83.278,83.450,83.618,83.782,83.944,84.102,84.257,84.408,84.557,84.703,84.846,84.986,85.124,85.258,85.390,85.519,85.646,85.770,85.892,86.012,86.128,86.243,86.355,86.465,86.573,86.679,86.783,86.884,86.984,87.082,87.177,87.271,87.363,87.453,87.541,87.628,87.712,87.796,87.877,87.957,88.035,88.112,88.187,88.261,88.333,88.403,88.473,88.541,88.607,88.673,88.737,88.799,88.861,88.921,88.980,89.038,89.095,89.150,89.205,89.258,89.311,89.362,89.412,89.461,89.510,89.557,89.603,89.649,89.693,89.737,89.780,89.822,89.863,89.903,89.943,89.981,90.019,90.057,90.093,90.129,90.164,90.198,90.232,90.265,90.297,90.329,90.360,90.390,90.420,90.449,90.478,90.506,90.533,90.560,90.587,90.613,90.638,90.663,90.687,90.711,90.735,90.758,90.780,90.802,90.824,90.845,90.866,90.886,90.906,90.925,90.945,90.963,90.982,91.000,91.017,91.035,91.052,91.068,91.085,91.101,91.116,91.132,91.147,91.162,91.176,91.190,91.204,91.218,91.231,91.244,91.257,91.269,91.282,91.294,91.306,91.317,91.329,91.340,91.351,91.361,91.372,91.382,91.392,91.402,91.412,91.421,91.431,91.440,91.449,91.457,91.466,91.474,91.482,91.491,91.498,91.506,91.514,91.521,91.529,91.536,91.543,91.550,91.556,91.563,91.569,91.576,91.582,91.588,91.594,91.600,91.606,91.611,91.617,91.622,91.627,91.633,91.638,91.643,91.648,91.652,91.657,91.662,91.666,91.671,91.675,91.679,91.683,91.687,91.691,91.695,91.699,91.703,91.707,91.710,91.714,91.717,91.721,91.724,91.727,91.730,91.734,91.737,91.740,91.743,91.745,91.748,91.751,91.754,91.756,91.759,91.762,91.764,91.767,91.769,91.771,91.774,91.776,91.778,91.780,91.783,91.785,91.787,
0.000,0.649,2.079,3.564,5.031,6.470,7.881,9.269,10.636,11.985,13.317,14.631,15.928,17.207,18.470,19.715,20.944,22.155,23.348,24.525,25.683,26.823,27.946,29.050,30.137,31.206,32.258,33.292,34.309,35.309,36.293,37.275,38.255,39.245,40.240,41.224,42.192,43.141,44.073,44.988,45.884,46.763,47.625,48.472,49.303,50.119,50.920,51.705,52.476,53.231,53.972,54.699,55.412,56.110,56.795,57.467,58.125,58.770,59.402,60.022,60.630,61.225,61.809,62.381,62.942,63.492,64.030,64.558,65.076,65.583,66.080,66.568,67.045,67.513,67.972,68.422,68.862,69.294,69.718,70.132,70.539,70.938,71.328,71.711,72.086,72.454,72.815,73.168,73.514,73.853,74.186,74.512,74.831,75.145,75.451,75.752,76.047,76.336,76.619,76.897,77.169,77.435,77.697,77.953,78.204,78.450,78.691,78.927,79.159,79.386,79.608,79.827,80.040,80.250,80.455,80.656,80.854,81.047,81.236,81.422,81.604,81.782,81.957,82.128,82.296,82.461,82.622,82.780,82.935,83.087,83.236,83.382,83.525,83.665,83.802,83.937,84.069,84.198,84.325,84.449,84.571,84.690,84.807,84.922,85.034,85.144,85.252,85.358,85.462,85.563,85.663,85.760,85.856,85.950,86.042,86.132,86.220,86.306,86.391,86.474,86.556,86.635,86.714,86.790,86.866,86.939,87.011,87.082,87.151,87.219,87.286,87.351,87.415,87.478,87.540,87.600,87.659,87.717,87.773,87.829,87.883,87.937,87.989,88.040,88.091,88.140,88.188,88.236,88.282,88.328,88.372,88.416,88.459,88.501,88.542,88.582,88.621,88.660,88.698,88.735,88.772,88.807,88.842,88.877,88.910,88.943,88.976,89.007,89.038,89.069,89.099,89.128,89.156,89.184,89.212,89.239,89.265,89.291,89.317,89.342,89.366,89.390,89.413,89.436,89.459,89.481,89.502,89.524,89.544,89.565,89.585,89.604,89.623,89.642,89.660,89.679,89.696,89.714,89.730,89.747,89.763,89.779,89.795,89.810,89.825,89.840,89.855,89.869,89.883,89.896,89.910,89.923,89.936,89.948,89.960,89.973,89.984,89.996,90.007,90.018,90.029,90.040,90.051,90.061,90.071,90.081,90.090,90.100,90.109,90.118,90.127,90.136,90.145,90.153,90.161,90.169,90.177,90.185,90.193,90.200,90.207,90.214,90.221,90.228,90.235,90.242,90.248,90.254,90.261,90.267,90.273,90.279,90.284,90.290,90.295,90.301,90.306,90.311,90.316,90.321,90.326,90.331,90.336,90.340,90.345,90.349,90.354,90.358,90.362,90.366,90.370,90.374,90.378,90.382,90.385,90.389,90.392,90.396,90.399,90.403,90.406,90.409,90.412,90.415,90.418,90.421,90.424,90.427,90.430,90.433,90.435,90.438,90.440,90.443,90.445,90.448,90.450,90.452,90.455,90.457,90.459,90.461,90.463,90.465,
0.000,-0.080,1.050,2.449,3.900,5.336,6.747,8.132,9.494,10.838,12.163,13.472,14.763,16.037,17.295,18.535,19.758,20.965,22.154,23.327,24.482,25.619,26.738,27.840,28.924,29.991,31.040,32.072,33.087,34.088,35.072,36.045,37.018,37.990,38.975,39.956,40.922,41.872,42.804,43.719,44.616,45.496,46.358,47.205,48.035,48.851,49.651,50.437,51.207,51.963,52.704,53.430,54.143,54.841,55.526,56.198,56.856,57.501,58.133,58.753,59.361,59.956,60.540,61.112,61.673,62.223,62.761,63.289,63.807,64.314,64.811,65.299,65.776,66.244,66.703,67.153,67.593,68.025,68.448,68.863,69.270,69.669,70.059,70.442,70.817,71.185,71.545,71.899,72.245,72.584,72.917,73.243,73.562,73.875,74.182,74.483,74.778,75.067,75.350,75.628,75.900,76.166,76.428,76.684,76.935,77.181,77.422,77.658,77.890,78.117,78.339,78.557,78.771,78.981,79.186,79.387,79.584,79.778,79.967,80.153,80.335,80.513,80.688,80.859,81.027,81.192,81.353,81.511,81.666,81.818,81.967,82.113,82.256,82.396,82.533,82.668,82.800,82.929,83.056,83.180,83.302,83.421,83.538,83.653,83.765,83.875,83.983,84.089,84.192,84.294,84.394,84.491,84.587,84.681,84.772,84.863,84.951,85.037,85.122,85.205,85.287,85.366,85.445,85.521,85.596,85.670,85.742,85.813,85.882,85.950,86.017,86.082,86.146,86.209,86.270,86.331,86.390,86.448,86.504,86.560,86.614,86.668,86.720,86.771,86.822,86.871,86.919,86.967,87.013,87.058,87.103,87.147,87.189,87.231,87.273,87.313,87.352,87.391,87.429,87.466,87.503,87.538,87.573,87.608,87.641,87.674,87.707,87.738,87.769,87.800,87.830,87.859,87.887,87.915,87.943,87.970,87.996,88.022,88.048,88.072,88.097,88.121,88.144,88.167,88.190,88.212,88.233,88.254,88.275,88.296,88.316,88.335,88.354,88.373,88.391,88.409,88.427,88.444,88.461,88.478,88.494,88.510,88.526,88.541,88.556,88.571,88.586,88.600,88.614,88.627,88.641,88.654,88.667,88.679,88.691,88.703,88.715,88.727,88.738,88.749,88.760,88.771,88.781,88.792,88.802,88.812,88.821,88.831,88.840,88.849,88.858,88.867,88.875,88.884,88.892,88.900,88.908,88.916,88.923,88.931,88.938,88.945,88.952,88.959,88.966,88.973,88.979,88.985,88.992,88.998,89.004,89.009,89.015,89.021,89.026,89.032,89.037,89.042,89.047,89.052,89.057,89.062,89.067,89.071,89.076,89.080,89.085,89.089,89.093,89.097,89.101,89.105,89.109,89.112,89.116,89.120,89.123,89.127,89.130,89.134,89.137,89.140,89.143,89.146,89.149,89.152,89.155,89.158,89.161,89.163,89.166,89.169,89.171,89.174,89.176,89.179,89.181,89.183,89.186,89.188,89.190,89.192,89.194,89.196,